product_name,category,product_url,price,original_price,sale_price,image_url,product_type
Kéo Phẫu Thuật,*Giải phóng hàng tồn,https://tinnha.vn/shop/sales/keo-phau-thuat/,,"780,000 ₫","468,000 ₫",https://tinnha.vn/wp-content/uploads/2024/06/Kéo-phẫu-thuật.jpg,simple
"Mũi Mài Chỉnh Composite 1,2mm",Mũi khoan,https://tinnha.vn/shop/mui-khoan-kim-cuong/mui-mai-chinh-composite-12mm-3/,"390,000 ",,,https://tinnha.vn/wp-content/uploads/2024/02/167-012XF-1-1-1.jpg,simple
"Mũi Khoan Trụ Dẫn Cylinder 1,8mm",Mũi khoan,https://tinnha.vn/shop/mui-khoan-kim-cuong/mui-khoan-tru-dan-cylinder-18mm/,"860,000 ",,,https://tinnha.vn/wp-content/uploads/2024/03/508C-018F-1-1.jpg,simple
Bộ Mũi Cắt Mô Mềm (Soft Tissues Trimmer),Dụng cụ Hàn Quốc,https://tinnha.vn/shop/dung-cu-han-quoc/bo-mui-cat-mo-mem-soft-tissues-trimmer/,"16,440,000 ",,,https://tinnha.vn/wp-content/uploads/2022/08/cb506e09838f4ed1179e.jpg,simple
Mũi Khoan Đầu Nón Ngược 1mm,Mũi khoan,https://tinnha.vn/shop/mui-khoan-kim-cuong/mui-khoan-dau-non-nguoc-1mm/,"350,000 ",,,https://tinnha.vn/wp-content/uploads/2024/02/010-010M-1-1-1.jpg,simple
Lò xo thép mở khoảng/ Lò xo đẩy,Lò xo,https://tinnha.vn/shop/chinh-nha/lo-xo/lo-xo-thep-mo-khoang-lo-xo-day/,"300,000 ",,,https://tinnha.vn/wp-content/uploads/2024/04/lo-xo-thep-mo-khoang.jpg,simple
Kềm cắt xa (Ms: 6101-6102),Kềm cắt xa,https://tinnha.vn/shop/dung-cu/kem-cat-xa/kem-cat-xa-ms-6101-6102/,"789,000  – 879,000",,,https://tinnha.vn/wp-content/uploads/2024/04/6101-6102_Kem-cat-xa.png,configurable
Trâm S-BLUE,Trâm nội nha,https://tinnha.vn/shop/noi-nha/tram-noi-nha/tram-s-blue/,"385,000 ",,,https://tinnha.vn/wp-content/uploads/2023/07/tram-s-blue-01-1-1.jpg,simple
Cây nạo xương (Ms: 3521-3526),Dụng cụ TN,https://tinnha.vn/shop/dung-cu/cay-nao-xuong-ms-3521/,"109,000 ",,,https://tinnha.vn/wp-content/uploads/2024/04/TN5_Cay-nao-xuong-05-1-1.png,simple
Reamer File,Nội nha,https://tinnha.vn/shop/noi-nha/reamer/,"75,000  – 80,000",,,https://tinnha.vn/wp-content/uploads/2023/07/reamer-file-01-1-1.jpg,configurable
Cây nạo xương (Ms: 5512-5514),Dụng cụ TN,https://tinnha.vn/shop/dung-cu/cay-nao-xuong-ms-5512-5514/,"699,000  – 709,000",,,https://tinnha.vn/wp-content/uploads/2024/04/TN5_Cay-nao-xuong-08-1-1.png,configurable
Cây nạo túi nha chu (Ms: 3111-3112),Dụng cụ TN,https://tinnha.vn/shop/dung-cu/boc-tach-ms-3111-3112/,"109,000 ",,,https://tinnha.vn/wp-content/uploads/2024/04/2a_Nao-tui-nha-chu-06-1.png,simple
Dụng cụ phục hồi (Ms: 4224-4226),Dụng cụ TN,https://tinnha.vn/shop/dung-cu/dung-cu-phuc-hoi-ms-4224/,"79,000 ",,,https://tinnha.vn/wp-content/uploads/2024/04/4224_Dung-cu-phuc-hoi-copy-1-1.png,simple
Xi Măng Gắn Vĩnh Viễn Total C-ram,Vật liệu gắn,https://tinnha.vn/shop/vat-lieu-gan/xi-mang-gan-vinh-vien-total-c-ram-2/,"1,950,000 ",,,https://tinnha.vn/wp-content/uploads/2024/07/total-cram.jpg,simple
"Mũi Trụ Thuôn Đầu Phẳng 1,6mm",Mũi khoan,https://tinnha.vn/shop/mui-khoan-kim-cuong/mui-tru-thuon-dau-phang-16mm-2/,"390,000 ",,,https://tinnha.vn/wp-content/uploads/2024/02/173-016F-1-1-2.jpg,simple
"Mũi Khoan Khai Thác 1,6mm",Mũi khoan,https://tinnha.vn/shop/mui-khoan-kim-cuong/mui-khoan-khai-thac-16mm/,"390,000 ",,,https://tinnha.vn/wp-content/uploads/2024/03/465-016F-1-1-1.jpg,simple
Kéo Cắt Phẫu Thuật ( Ms: 2105),Dụng cụ TN,https://tinnha.vn/shop/dung-cu/keo-cat-phau-thuat-ms-2105/,"249,000 ",,,https://tinnha.vn/wp-content/uploads/2024/04/TN1b_Keo-cat-phau-thuat-04-1.png,simple
Cây đo túi (Ms: 1508-1522),Dụng cụ TN,https://tinnha.vn/shop/dung-cu/cay-do-tui-ms-1508-1522/,"109,000 ",,,https://tinnha.vn/wp-content/uploads/2024/04/1508-1522-Cay-do-tui-1-1.png,simple
Cây Nạo Xương (Ms: 3517-3520),Dụng cụ TN,https://tinnha.vn/shop/dung-cu/cay-nao-xuong-ms-3517-3518/,"109,000 ",,,https://tinnha.vn/wp-content/uploads/2024/04/TN1-11-1.png,simple
Mũi Khoan Hình Tên Lửa 1mm,Mũi khoan,https://tinnha.vn/shop/mui-khoan-kim-cuong/mui-khoan-hinh-ten-lua-1mm/,"320,000 ",,,https://tinnha.vn/wp-content/uploads/2024/03/290-010M-1-1.jpg,simple
Mũi Đục Lợi (Tissue punch) – lẻ,Dụng cụ Hàn Quốc,https://tinnha.vn/shop/dung-cu-han-quoc/mui-duc-loi-tissue-punch-le/,"940,000 ",,,https://tinnha.vn/wp-content/uploads/2022/08/503690717df7b0a9e9e6.jpg,simple
"Mũi Trụ Thuôn Đầu Tròn 1,6mm",Mũi khoan,https://tinnha.vn/shop/mui-khoan-kim-cuong/mui-tru-thuon-dau-tron-16mm/,"350,000  – 390,000",,,https://tinnha.vn/wp-content/uploads/2024/03/199-016F-1-1.jpg,configurable
Kẹp kim (Ms: 2D09-2D10),Dụng cụ TN,https://tinnha.vn/shop/dung-cu/kep-kim-ms-2d09-2d10/,"489,000  – 549,000",,,https://tinnha.vn/wp-content/uploads/2024/04/2D09-2D10_Kẹp-kim-10.png,configurable
"Mũi Trụ Thuôn Đầu Phẳng 1,4mm",Mũi khoan,https://tinnha.vn/shop/mui-khoan-kim-cuong/mui-tru-thuon-dau-phang-14mm-2/,"350,000  – 390,000",,,https://tinnha.vn/wp-content/uploads/2024/02/172-014F-1-1-1.jpg,configurable
Đèn Led D2000,Đèn trám,https://tinnha.vn/shop/thiet-bi/den-tram/den-led-d2000/,"4,950,000 ",,,https://tinnha.vn/wp-content/uploads/2022/08/53cfe09e0d18c0469909.jpg,simple
Cao Su Đặc Megasil,*Giải phóng hàng tồn,https://tinnha.vn/shop/sales/cao-su-dac-megasil/,,"850,000 ₫","425,000 ₫",https://tinnha.vn/wp-content/uploads/2024/06/cao-su-dặc-megasil.jpg,simple
Mũi Khoan Cắt Composite 1mm,Mũi khoan,https://tinnha.vn/shop/mui-khoan-kim-cuong/mui-khoan-cat-composite-1mm/,"350,000 ",,,https://tinnha.vn/wp-content/uploads/2024/02/108-010C-1-1.jpg,simple
H File,Nội nha,https://tinnha.vn/shop/noi-nha/h-file/,"75,000  – 80,000",,,https://tinnha.vn/wp-content/uploads/2023/07/h-file-01-1-1.jpg,configurable
Mũi Khoan Hình Ngọn Lửa 1mm,Mũi khoan,https://tinnha.vn/shop/mui-khoan-kim-cuong/mui-khoan-hinh-ngon-lua-1m/,"390,000 ",,,https://tinnha.vn/wp-content/uploads/2024/03/249-010C-1-2.jpg,simple
Cây dũa xương (Ms: 3A01-3A02),Dụng cụ TN,https://tinnha.vn/shop/dung-cu/cay-dua-xuong-ms-3a01-3a02/,"65,000 ",,,https://tinnha.vn/wp-content/uploads/2024/04/3A01-3A02_Cay-dua-xuong-1-1-1.png,simple
Cao Su Đặc Smartsil Putty Set,*Giải phóng hàng tồn,https://tinnha.vn/shop/sales/cao-su-dac-smartsil-putty-set/,,"799,000 ₫","407,000 ₫",https://tinnha.vn/wp-content/uploads/2024/06/smartsil-dặc.jpg,simple
Kéo Cắt Phẫu Thuật ( Ms: 2125),Dụng cụ TN,https://tinnha.vn/shop/dung-cu/keo-cat-phau-thuat-ms-2125/,"109,000 ",,,https://tinnha.vn/wp-content/uploads/2024/04/TN1b_Keo-cat-phau-thuat-051-1.png,simple
Kéo ( Ms: 2137-2139),Dụng cụ TN,https://tinnha.vn/shop/dung-cu/keo-ms-2137-2139/,"279,000  – 289,000",,,https://tinnha.vn/wp-content/uploads/2024/04/TN5_Keo-1-1.png,configurable
Đèn Tẩy Trắng (Bt Cool Easy),Đèn tẩy trắng,https://tinnha.vn/shop/thiet-bi/den-tay-trang/den-tay-trang-bt-cool-easy/,"12,500,000 ",,,https://tinnha.vn/wp-content/uploads/2022/08/6f979bac2a56e708be47.jpg,simple
Cây Nạo Túi Nha Chu 4mm,*Giải phóng hàng tồn,https://tinnha.vn/shop/sales/cay-nao-tui-nha-chu-4mm/,,"699,000 ₫","419,000 ₫",https://tinnha.vn/wp-content/uploads/2024/06/Cây-nạo-túi.jpg,simple
Trâm Tạo Đường Trượt ET File,Nội nha,https://tinnha.vn/shop/noi-nha/tram-tao-duong-truot-et-file/,"390,000 ",,,https://tinnha.vn/wp-content/uploads/2023/07/tram-tao-duong-truot-ET-file-2-01-1-1.png,simple
Xương Tủy Bò Ti-oss (Dạng lọ),Vật liệu cấy ghép,https://tinnha.vn/shop/vat-lieu-cay-ghep/xuong-tuy-bo-ti-oss-dang-lo/,"1,200,000  – 3,240,000",,,https://tinnha.vn/wp-content/uploads/2023/06/xuong-tioss-01-1.jpg,configurable
Dung Dịch Bơm Rửa EDTA,Nội nha,https://tinnha.vn/shop/noi-nha/dung-dich-bom-rua-md-solution-edta/,"230,000 ",,,https://tinnha.vn/wp-content/uploads/2024/03/228fd8aa8c6920377978-1.jpg,simple
Màng Collagen Dalim Rapi-Gide,Vật liệu cấy ghép,https://tinnha.vn/shop/vat-lieu-cay-ghep/mang-collagen-dalim-rapi-gide/,"1,390,000  – 2,110,000",,,https://tinnha.vn/wp-content/uploads/2023/06/mang-collagen-01-1.jpg,configurable
"Mũi Khoan Mài Cùi 1,2mm",Mũi khoan,https://tinnha.vn/shop/mui-khoan-kim-cuong/mui-khoan-mai-cui-12mm/,"390,000 ",,,https://tinnha.vn/wp-content/uploads/2024/03/198-012C-1-1.jpg,simple
Kẽm buộc/ dây Ligature,Dây,https://tinnha.vn/shop/chinh-nha/day/kem-buoc-day-ligature-2/,"2,000 ",,,https://tinnha.vn/wp-content/uploads/2024/04/kem-buoc.jpg,simple
"Mũi Mài Chỉnh Composite 1,6mm",Mũi khoan,https://tinnha.vn/shop/mui-khoan-kim-cuong/mui-mai-chinh-composite-16mm/,"390,000 ",,,https://tinnha.vn/wp-content/uploads/2024/02/166-016F-1-1-1.jpg,simple
Ống hút phẫu thuật (Ms: 2C10),Ống hút phẫu thuật,https://tinnha.vn/shop/dung-cu/ong-hut-phau-thuat/ong-hut-phau-thuat-ms-2c10/,"289,000 ",,,https://tinnha.vn/wp-content/uploads/2024/04/2C10_Ong-hut-phau-thuat-04-1-1-1.png,simple
Bộ Kit Matric (Dental Sectional Contoured Matrices kit),Vật liệu tiêu hao,https://tinnha.vn/shop/vat-lieu-tieu-hao/bo-que-dinh-matric-dental-sectional-contoured-matrices-kit/,,"4,500,000 ₫","3,600,000 ₫",https://tinnha.vn/wp-content/uploads/2023/06/Bộ-Kit-Matric-01-1-1.png,simple
Dây cung TitanMolyTM Titanium (TMA),Dây cung,https://tinnha.vn/shop/chinh-nha/day-cung/day-cung-titanmolytm-titanium-tma/,"125,000 ",,,https://tinnha.vn/wp-content/uploads/2024/04/Day-cung-TMa.jpg,simple
"Mũi Khoan Cắt Kết Thúc 1,4mm",Mũi khoan,https://tinnha.vn/shop/mui-khoan-kim-cuong/mui-khoan-cat-ket-thuc-14mm/,"550,000 ",,,https://tinnha.vn/wp-content/uploads/2024/02/150-014M-1-1-1.jpg,simple
Xương Tổng Hợp Adbone TCP,Vật liệu cấy ghép,https://tinnha.vn/shop/vat-lieu-cay-ghep/xuong-tong-hop-adbone-tcp/,"1,100,000  – 4,700,000",,,https://tinnha.vn/wp-content/uploads/2023/07/xuong-tong-hop-adbone-01-1-1-01-1.jpg,configurable
Cone Chính Không Vạch (Dùng cho Protaper),*Giải phóng hàng tồn,https://tinnha.vn/shop/sales/cone-chinh-khong-vach-dung-cho-protaper/,,"110,000 ₫","68,000 ₫",https://tinnha.vn/wp-content/uploads/2024/06/cone-chính-k-có-vạch.jpg,simple
Đầu Thẳng Tay Chậm (Straight head),Thiết bị,https://tinnha.vn/shop/thiet-bi/thiet-bi-khac/dau-thang-tay-cham-straight-head/,"850,000 ",,,https://tinnha.vn/wp-content/uploads/2022/08/dthangtaycham2.jpg,simple
Dụng cụ phục hồi (Ms: 4303-4309),Dụng cụ TN,https://tinnha.vn/shop/dung-cu/dung-cu-phuc-hoi-ms-4303-4309/,"79,000  – 109,000",,,https://tinnha.vn/wp-content/uploads/2024/04/4303-4309_Dung-cu-phuc-hoi-1-1.png,configurable
Enamel Composite Màu Men,Vật liệu trám,https://tinnha.vn/shop/vat-lieu-tram/enamel-composite-mau-men/,"2,000,000 ",,,https://tinnha.vn/wp-content/uploads/2023/07/enamel-hri-universal-01-1-1.jpg,simple
Thìa Trộn (Spatula Mixing Colors),Vật liệu tiêu hao,https://tinnha.vn/shop/vat-lieu-tieu-hao/thia-tron-spatula-mixing-colors/,,"10,000 ₫","8,000 ₫",https://tinnha.vn/wp-content/uploads/2023/06/Thia-tron-01.png,simple
Mặt Gương 2 Mặt ( Ms: 1214),Dụng cụ TN,https://tinnha.vn/shop/dung-cu/mat-guong-2-mat-ms-1214/,"199,000 ",,,https://tinnha.vn/wp-content/uploads/2024/04/TN1_Mat-guong-2-mat-1.png,simple
Cục Cắn (Mouth Prop & Tongue set),Vật liệu tiêu hao,https://tinnha.vn/shop/vat-lieu-tieu-hao/cuc-can-mouth-prop-tongue-set/,,"25,000 ₫","20,000 ₫",https://tinnha.vn/wp-content/uploads/2023/06/Cuc-can-01.png,simple
Mũi Kim Ngọn Lửa Đầu Ngắn 1mm,Mũi khoan,https://tinnha.vn/shop/mui-khoan-kim-cuong/mui-kim-ngon-lua-dau-ngan-1mm/,"390,000 ",,,https://tinnha.vn/wp-content/uploads/2024/03/FLAME-NEEDLE-short-head-t3-02-1-1.jpg,simple
Dây cung Loop hình chữ T,Dây cung,https://tinnha.vn/shop/chinh-nha/day-cung/day-cung-loop-hinh-chu-t/,"115,000 ",,,https://tinnha.vn/wp-content/uploads/2024/04/Day-cung-loop-hinh-chu-T.jpg,simple
Banh Môi,Vật liệu tiêu hao,https://tinnha.vn/shop/vat-lieu-tieu-hao/banh-moi/,,"18,000 ₫","14,400 ₫",https://tinnha.vn/wp-content/uploads/2023/06/Banh-moi-02-01.png,simple
Mũi Khoan Hình Nụ 2mm,Mũi khoan,https://tinnha.vn/shop/mui-khoan-kim-cuong/mui-khoan-hinh-nu-2mm/,"320,000 ",,,https://tinnha.vn/wp-content/uploads/2024/03/257-020XF-1-1.jpg,simple
Cây nạo túi nha chu (Ms: 3113-3114),Dụng cụ TN,https://tinnha.vn/shop/dung-cu/boc-tach-ms-3113-3114/,"109,000 ",,,https://tinnha.vn/wp-content/uploads/2024/04/2a_Nao-tui-nha-chu-07-1-1.png,simple
"Mũi Khoan Hình Trụ Phẳng 1,2mm",Mũi khoan,https://tinnha.vn/shop/mui-khoan-kim-cuong/mui-khoan-hinh-tru-phang-12mm/,"350,000 ",,,https://tinnha.vn/wp-content/uploads/2024/02/111-012C-1-1-1.jpg,simple
Cone Chính Không Vạch (0.6),*Giải phóng hàng tồn,https://tinnha.vn/shop/sales/cone-chinh-khong-vach-do-thuon-0-6/,,"110,000 ₫","55,000 ₫",https://tinnha.vn/wp-content/uploads/2024/06/cone-chính-k-vạch.jpg,simple
SD-MESH-TAC,Dụng cụ Hàn Quốc,https://tinnha.vn/shop/dung-cu-han-quoc/sd-mesh-tac/,"16,780,000 ",,,https://tinnha.vn/wp-content/uploads/2024/06/SD-mesh-tac.jpg,simple
Bộ Kit Nâng Xoang Nước (Aqua Sinus Lift Kit),Kit phẫu thuật,https://tinnha.vn/shop/kit-phau-thuat/bo-kit-nang-xoang-nuoc-aqua-sinus-lift-kit/,"7,100,000 ",,,https://tinnha.vn/wp-content/uploads/2022/08/6a801ffff2793f276668.jpg,simple
Khay Lấy Dấu (Autoclavable Impression Tray),Vật liệu tiêu hao,https://tinnha.vn/shop/vat-lieu-tieu-hao/khay-lay-dau-autoclavable-impression-tray-8/,,"45,000 ₫","36,000 ₫",https://tinnha.vn/wp-content/uploads/2023/06/Khay-lay-dau-01.png,simple
"Mũi Hoàn Tất Composite 1,2mm",Mũi khoan,https://tinnha.vn/shop/mui-khoan-kim-cuong/mui-hoan-tat-composite-12mm/,"860,000 ",,,https://tinnha.vn/wp-content/uploads/2024/03/219-012M-1-1.jpg,simple
"Mũi Khoan Hình Trụ Vát 1,2mm",Mũi khoan,https://tinnha.vn/shop/mui-khoan-kim-cuong/mui-khoan-hinh-tru-vat-12mm/,"350,000 ",,,https://tinnha.vn/wp-content/uploads/2024/02/130-012M-1-1-1.jpg,simple
Đèn Tẩy Trắng (Bt Cool Plus),Đèn tẩy trắng,https://tinnha.vn/shop/thiet-bi/den-tay-trang/den-tay-trang-bt-cool-plus/,"32,000,000 ",,,https://tinnha.vn/wp-content/uploads/2022/08/cc57146ca59668c83187.jpg,simple
"Mũi Khoan Đầu Tròn Có Cổ 1,7mm",Mũi khoan,https://tinnha.vn/shop/mui-khoan-kim-cuong/mui-khoan-dau-tron-co-co-17mm/,"390,000 ",,,https://tinnha.vn/wp-content/uploads/2024/02/002-017C-1-1.jpg,simple
"Mũi Khoan Đầu Tròn Dài 1,6mm",Mũi khoan,https://tinnha.vn/shop/mui-khoan-kim-cuong/mui-khoan-dau-tron-dai-16mm/,"440,000 ",,,https://tinnha.vn/wp-content/uploads/2024/03/697-016C-1-1.jpg,simple
Gel Lành Thương (Oral gel),Gel lành thương,https://tinnha.vn/shop/gel-lanh-thuong/gel-lanh-thuong-oral-gel/,"500,000 ",,,https://tinnha.vn/wp-content/uploads/2022/01/blue-m-1-1-2.jpg,simple
"Mũi Khoan Đầu Tròn 2,3mm",Mũi khoan,https://tinnha.vn/shop/mui-khoan-kim-cuong/mui-khoan-dau-tron-23mm/,"440,000 ",,,https://tinnha.vn/wp-content/uploads/2024/02/001-023M-1-1.jpg,simple
Mặt Nạ Chống Giọt Bắn,Vật liệu tiêu hao,https://tinnha.vn/shop/vat-lieu-tieu-hao/mat-na-chong-giot-ban/,,"140,000 ₫","112,000 ₫",https://tinnha.vn/wp-content/uploads/2023/06/26.jpg,simple
Mũi Khoan Đầu Tròn Có Cổ 1mm,Mũi khoan,https://tinnha.vn/shop/mui-khoan-kim-cuong/mui-khoan-dau-tron-co-co-1mm/,"320,000 ",,,https://tinnha.vn/wp-content/uploads/2024/02/002-010M-1-1.jpg,simple
"Mũi Trụ Thuôn Đầu Phẳng 1,2mm",Mũi khoan,https://tinnha.vn/shop/mui-khoan-kim-cuong/mui-tru-thuon-dau-phang-12mm-2/,"390,000 ",,,https://tinnha.vn/wp-content/uploads/2024/02/173-012C-1-1-1.jpg,simple
Mũi Cắt Và Lấy Xương Automax,Kit phẫu thuật,https://tinnha.vn/shop/kit-phau-thuat/mui-cat-va-lay-xuong-automax/,"2,880,000 ",,,https://tinnha.vn/wp-content/uploads/2023/08/auto-max-01-1.jpg,simple
Banh môi (Ms: 2916),Banh môi,https://tinnha.vn/shop/dung-cu/banh-moi/banh-moi-ms-2916/,"179,000 ",,,https://tinnha.vn/wp-content/uploads/2024/04/TN6_Banh-moi-21-1-1.png,simple
Khay đựng dụng cụ (Ms: 8107),Khay đựng dụng cụ,https://tinnha.vn/shop/dung-cu/khay-dung-dung-cu/khay-dung-dung-cu-ms-8107/,"1,889,000 ",,,https://tinnha.vn/wp-content/uploads/2024/04/TN3_Khay-dung-dung-cu-1-1.png,simple
Mắc Cài MiniPreval,Chỉnh nha,https://tinnha.vn/shop/chinh-nha/mac-cai-minipreval/,,"1,290,000 ₫","799,000 ₫",https://tinnha.vn/wp-content/uploads/2024/06/Artboard-1-copy-3.png,simple
"Nạy, Bẩy Răng ( Ms: 2316-2317)",Dụng cụ TN,https://tinnha.vn/shop/dung-cu/nay-bay-rang-ms-2316-2317/,"119,000 ",,,https://tinnha.vn/wp-content/uploads/2024/04/TN1_Nay-bay-rang-08-1.png,simple
"Nạy, Bẩy Răng ( Ms:2314- 2315)",Dụng cụ TN,https://tinnha.vn/shop/dung-cu/nay-bay-rang-ms2314-2315/,"119,000 ",,,https://tinnha.vn/wp-content/uploads/2024/04/TN1_Nay-bay-rang-07-1.png,simple
Any-paste,Nội nha,https://tinnha.vn/shop/noi-nha/calcium-hydroxide-tron-san-any-paste/,"190,000 ",,,https://tinnha.vn/wp-content/uploads/2024/03/debd0d9c595ff501ac4e-1.jpg,simple
Kềm bấm xương (Ms: 2804-2808),Kềm bấm xương,https://tinnha.vn/shop/dung-cu/kem-bam-xuong/kem-bam-xuong-ms-2804-2808/,"429,000  – 489,000",,,https://tinnha.vn/wp-content/uploads/2024/04/2804-2808_Kem-bam-xuong.png,configurable
Chêm Nhựa (Poly Wedges),Vật liệu tiêu hao,https://tinnha.vn/shop/vat-lieu-tieu-hao/chem-nhua-poly-wedges-2/,,"100,000 ₫","80,000 ₫",https://tinnha.vn/wp-content/uploads/2023/06/Chem-nhua-01.png,simple
Dụng Cụ Phục Hồi (Ms: 4211-4212),Dụng cụ TN,https://tinnha.vn/shop/dung-cu/dung-cu-phuc-hoi-ms-4211-4212/,"79,000 ",,,https://tinnha.vn/wp-content/uploads/2024/04/TN1_Dung-cu-phuc-hoi-1.png,simple
Kềm tháo mắc cài (Ms: 6301-6302),Kềm tháo mắc cài,https://tinnha.vn/shop/dung-cu/kem-thao-mac-cai/kem-thao-mac-cai-ms-6301-6302/,"799,000 ",,,https://tinnha.vn/wp-content/uploads/2024/04/6301-6302_Kềm-tháo-mắc-cài-03.png,simple
Bộ Mũi Đục Lợi (Tissue Punch),Dụng cụ Hàn Quốc,https://tinnha.vn/shop/dung-cu-han-quoc/bo-mui-duc-loi-tissue-punch/,"6,170,000 ",,,https://tinnha.vn/wp-content/uploads/2022/08/503690717df7b0a9e9e6.jpg,simple
Kềm Mathieu (Ms: 2D03-2D04),Kềm Mathieu,https://tinnha.vn/shop/dung-cu/kem-mathieu/kem-mathieu-ms-2d03-2d04/,"359,000  – 439,000",,,https://tinnha.vn/wp-content/uploads/2024/04/2D03-2D04_Kem-Mathieu-02.png,configurable
Hộp Đựng Gòn (Cotton Roll Dispenser),Vật liệu tiêu hao,https://tinnha.vn/shop/vat-lieu-tieu-hao/hop-dung-gon-cotton-roll-dispenser-2/,,"88,000 ₫","70,400 ₫",https://tinnha.vn/wp-content/uploads/2023/06/Hop-dung-gon-01.png,simple
Kit Tháo Vít Và Implant (Implant & Screw Remover Kit),Kit phẫu thuật,https://tinnha.vn/shop/kit-phau-thuat/kit-thao-vit-va-implant-implant-screw-remover-kit/,"23,500,000 ",,,https://tinnha.vn/wp-content/uploads/2022/08/9bb6f2ca1f4cd2128b5d.jpg,simple
Kềm bẻ dây cung (Ms: 6730),Kềm bẻ dây cung,https://tinnha.vn/shop/dung-cu/kem-be-day-cung/kem-be-day-cung-ms-6730/,"339,000 ",,,https://tinnha.vn/wp-content/uploads/2024/04/6730_Kềm-bẻ-dây-cung.png,simple
Hộp Đựng Hàm (Denture Box),Vật liệu tiêu hao,https://tinnha.vn/shop/vat-lieu-tieu-hao/hop-dung-ham-denture-box/,"15,200  – 172,000",,,https://tinnha.vn/wp-content/uploads/2023/06/Hop-dung-ham-01.png,configurable
Kéo Castroviejo (Ms : 2170- 2171),Dụng cụ TN,https://tinnha.vn/shop/dung-cu/keo-castroviejo-ms-2170-2171/,"249,000  – 409,000",,,https://tinnha.vn/wp-content/uploads/2024/04/TN-2d_Keo-Castroviejo-cong-1-1.png,configurable
Thước đo sáp (Ms: 7D01),Thước đo,https://tinnha.vn/shop/dung-cu/thuoc-do/thuoc-do-sap-ms-7d01/,"199,000 ",,,https://tinnha.vn/wp-content/uploads/2024/04/TN6_Thuoc-do-sap-1-1.png,simple
Banh Môi (Cheek Retractor),Vật liệu tiêu hao,https://tinnha.vn/shop/vat-lieu-tieu-hao/banh-moi-cheek-retractor/,,"45,000 ₫","36,000 ₫",https://tinnha.vn/wp-content/uploads/2023/06/Banh-moi-01.png,simple
Mũi Trụ Thuôn Đầu Phẳng 2mm,Mũi khoan,https://tinnha.vn/shop/mui-khoan-kim-cuong/mui-tru-thuon-dau-phang-2mm/,"320,000 ",,,https://tinnha.vn/wp-content/uploads/2024/03/173-018C-1-1.jpg,simple
"Mũi Mài Chỉnh Composite 1,2mm",Mũi khoan,https://tinnha.vn/shop/mui-khoan-kim-cuong/mui-mai-chinh-composite-12mm/,"390,000 ",,,https://tinnha.vn/wp-content/uploads/2024/02/165-012M-1-1-1.jpg,simple
"Mũi Khoan Hình Ngọn Lửa 1,4mm",Mũi khoan,https://tinnha.vn/shop/mui-khoan-kim-cuong/mui-khoan-hinh-ngon-lua-14mm-2/,"320,000 ",,,https://tinnha.vn/wp-content/uploads/2024/03/249-014XF-2-1-1.jpg,simple
Cây giảm căng vạt ( Ms: 5703-5704),Dụng cụ TN,https://tinnha.vn/shop/dung-cu/cay-giam-cang-vat-ms-5703-5704/,"389,000 ",,,https://tinnha.vn/wp-content/uploads/2024/04/TN2c_Cay-giam-cang-vat-08-1-1.png,simple
Đài Cao Su Đánh Bóng (Prophy cup),Vật liệu tiêu hao,https://tinnha.vn/shop/vat-lieu-tieu-hao/dai-cao-su-danh-bong-prophy-cup/,"159,200  – 228,000",,,https://tinnha.vn/wp-content/uploads/2023/06/Dai-cao-su-danh-bong-03-01.png,configurable
"Mũi Khoan Mài Cùi 1,4mm",Mũi khoan,https://tinnha.vn/shop/mui-khoan-kim-cuong/mui-khoan-mai-cui-14mm/,"390,000 ",,,https://tinnha.vn/wp-content/uploads/2024/03/198-014C-1-1.jpg,simple
Màng Titan Ti-Mesh,Vật liệu cấy ghép,https://tinnha.vn/shop/vat-lieu-cay-ghep/mang-titan-ti-mesh/,"648,000  – 1,272,000",,,https://tinnha.vn/wp-content/uploads/2023/08/mang-titan-ti-mesh-3-01-1-1.jpg,configurable
Cone Giấy Không Vạch,*Giải phóng hàng tồn,https://tinnha.vn/shop/sales/cone-giay-khong-vach/,,"45,000 ₫","28,350 ₫",https://tinnha.vn/wp-content/uploads/2024/06/cone-giấy-không-vạch.jpg,simple
Màng Titan Định Hình Uốn Sẵn (I-gen),Vật liệu cấy ghép,https://tinnha.vn/shop/vat-lieu-cay-ghep/mang-titan-dinh-hinh-uon-san-i-gen/,"3,600,000 ",,,https://tinnha.vn/wp-content/uploads/2023/08/mang-titan-2-01-1-1.jpg,simple
Mũi Trụ Thuôn Đầu Phẳng 1mm,Mũi khoan,https://tinnha.vn/shop/mui-khoan-kim-cuong/mui-tru-thuon-dau-phang-1mm/,"390,000 ",,,https://tinnha.vn/wp-content/uploads/2024/02/172-010M-1-1-1.jpg,simple
Composite Lỏng  Reflectys Flow,*Giải phóng hàng tồn,https://tinnha.vn/shop/sales/composite-long-reflectys-flow/,,"320,000 ₫","212,000 ₫",https://tinnha.vn/wp-content/uploads/2024/06/composite-lỏng.jpg,simple
Cọ Bôi (Micro Applicator),Vật liệu tiêu hao,https://tinnha.vn/shop/vat-lieu-tieu-hao/co-boi-micro-applicator-2/,"36,000  – 45,000",,,https://tinnha.vn/wp-content/uploads/2023/06/Co-boi-01.png,configurable
"Mũi Khoan Đầu Bánh Xe 2,7 mm",Mũi khoan,https://tinnha.vn/shop/mui-khoan-kim-cuong/mui-khoan-dau-banh-xe-27-mm/,"550,000 ",,,https://tinnha.vn/wp-content/uploads/2024/02/041-027M-1-1-1.jpg,simple
Paste Cariers,Nội nha,https://tinnha.vn/shop/noi-nha/tram-noi-nha/paste-cariers/,"85,000 ",,,https://tinnha.vn/wp-content/uploads/2023/07/tram-paste-cariers-2-01-1-1.png,simple
Cây giảm căng vạt ( Ms: 5701-5702),Dụng cụ TN,https://tinnha.vn/shop/dung-cu/cay-giam-cang-vat-ms-5701-5702/,"389,000 ",,,https://tinnha.vn/wp-content/uploads/2024/04/TN2c_Cay-giam-cang-vat-05-1-1.png,simple
Hộp đựng dụng cụ (Ms:8214),Dụng cụ TN,https://tinnha.vn/shop/dung-cu/hop-dung-dung-cu-ms8214/,"339,000 ",,,https://tinnha.vn/wp-content/uploads/2024/04/TN5_Hop-dung-1-1.png,simple
Dao nha chu (Ms: 3806-3701),"Dao, cán dao",https://tinnha.vn/shop/dung-cu/dao-can-dao/dao-nha-chu-ms-3806-3701/,"99,000  – 109,000",,,https://tinnha.vn/wp-content/uploads/2024/04/TN6_Dao-nha-chu.png,configurable
Basic Kit – Bộ Tiểu Phẫu Implant,*Giải phóng hàng tồn,https://tinnha.vn/shop/sales/basic-kit-bo-tieu-phau-implant/,,"24,500,000 ₫","14,700,000 ₫",https://tinnha.vn/wp-content/uploads/2024/06/Bộ-tiểu-phẫu.jpg,simple
Bọc Sensor (X-ray sensors Cover),Vật liệu tiêu hao,https://tinnha.vn/shop/vat-lieu-tieu-hao/boc-sensor-x-ray-sensors-cover/,,"260,000 ₫","208,000 ₫",https://tinnha.vn/wp-content/uploads/2023/06/Cotisen_Boc-sensor-1-1.jpg,simple
Máy Định vị Chóp MicroPex,Thiết bị nội nha,https://tinnha.vn/shop/noi-nha/thiet-bi-noi-nha/may-dinh-vi-chop-micropex/,"3,699,000 ",,,https://tinnha.vn/wp-content/uploads/2024/05/z5375879630499_0b94a9eeebc8447fe8f101780a44398b-2.jpg,simple
"Mũi Hoàn Tất Composite 1,5mm",Mũi khoan,https://tinnha.vn/shop/mui-khoan-kim-cuong/mui-tru-hoan-tat-composite-12mm/,"320,000 ",,,https://tinnha.vn/wp-content/uploads/2024/03/219-012M-1-1.jpg,simple
Thun Grey Hollow Thread,*Giải phóng hàng tồn,https://tinnha.vn/shop/sales/thun-grey-hollow-thread/,,"220,000 ₫","123,200 ₫",https://tinnha.vn/wp-content/uploads/2024/06/thun-chỉnh-nha-clear.jpg,simple
"Mũi Khoan Hình Nụ 2,3mm",Mũi khoan,https://tinnha.vn/shop/mui-khoan-kim-cuong/mui-khoan-hinh-nu-23mm/,"390,000  – 440,000",,,https://tinnha.vn/wp-content/uploads/2024/03/257-023XC-1-1.jpg,configurable
Bộ Kit Định Hướng Implant (Dental Implant Guide System kit),Vật liệu tiêu hao,https://tinnha.vn/shop/vat-lieu-tieu-hao/bo-kit-dinh-huong-implant/,,"2,500,000 ₫","2,000,000 ₫",https://tinnha.vn/wp-content/uploads/2023/06/Kit-dinh-huong-Implant-01.png,simple
EASY SINUS KIT,*Giải phóng hàng tồn,https://tinnha.vn/shop/sales/easy-sinus-kit/,,"15,000,000 ₫","9,000,000 ₫",https://tinnha.vn/wp-content/uploads/2024/06/easy-sinus-kit.jpg,simple
Lò xo niti đóng khoảng/ Lò xo kéo,Lò xo,https://tinnha.vn/shop/chinh-nha/lo-xo/lo-xo-niti-dong-khoang-lo-xo-keo-2/,"330,000 ",,,https://tinnha.vn/wp-content/uploads/2024/04/lo-xo-thep-dong-khoang.jpg,simple
Lò xo niti đóng khoảng/ Lò xo kéo,Lò xo,https://tinnha.vn/shop/chinh-nha/lo-xo/lo-xo-niti-dong-khoang-lo-xo-keo/,"1,100,000 ",,,https://tinnha.vn/wp-content/uploads/2024/04/lo-xo-ni-ti-dong-khoang.jpg,simple
Chêm Gỗ (wooden wedge),Vật liệu tiêu hao,https://tinnha.vn/shop/vat-lieu-tieu-hao/chem-go-wooden-wedge/,,"200,000 ₫","160,000 ₫",https://tinnha.vn/wp-content/uploads/2023/06/Chem-go-01.png,simple
Kẽm buộc/ dây Ligature,Dây,https://tinnha.vn/shop/chinh-nha/day/kem-buoc-day-ligature/,"890,000 ",,,https://tinnha.vn/wp-content/uploads/2024/04/kem-buoc-day-ligature.jpg,simple
Thước đo (Ms: 5603),Thước đo,https://tinnha.vn/shop/dung-cu/thuoc-do/thuoc-do-ms-5603/,"319,000 ",,,https://tinnha.vn/wp-content/uploads/2024/04/TN6_Thuoc-do-1-1.png,simple
Cây Dán Inlay – Que Dính (Adhesive Tip Applicator),Vật liệu tiêu hao,https://tinnha.vn/shop/vat-lieu-tieu-hao/cay-dan-inlay-que-dinh/,,"100,000 ₫","80,000 ₫",https://tinnha.vn/wp-content/uploads/2023/06/Que-dinh-Matrix-01.png,simple
Hộp đựng dụng cụ (Ms:5520),Dụng cụ TN,https://tinnha.vn/shop/dung-cu/hop-dung-dung-cu-ms5520/,"99,000 ",,,https://tinnha.vn/wp-content/uploads/2024/04/TN5_Khay-nho-1-1.png,simple
Mắc Cài Tube Agility,Chỉnh nha,https://tinnha.vn/shop/chinh-nha/mac-cai-tube-agility/,,"110,000 ₫","55,000 ₫",https://tinnha.vn/wp-content/uploads/2024/06/Artboard-1-copy-4.png,simple
Dụng Cụ Đựng Xương (Bone Well),*Giải phóng hàng tồn,https://tinnha.vn/shop/sales/dung-cu-dung-xuong-bone-well/,,"780,000 ₫","468,000 ₫",https://tinnha.vn/wp-content/uploads/2024/06/Dụng-cụ-dựng-xương.jpg,simple
Cây giảm căng vạt ( Ms: 5705),Dụng cụ TN,https://tinnha.vn/shop/dung-cu/cay-giam-cang-vat-ms-5705/,"389,000 ",,,https://tinnha.vn/wp-content/uploads/2024/04/TN2c_Cay-giam-cang-vat-09-1-1.png,simple
"Mũi Khoan Đầu Tròn 1,4mm",Mũi khoan,https://tinnha.vn/shop/mui-khoan-kim-cuong/mui-khoan-dau-tron-14mm/,"390,000 ",,,https://tinnha.vn/wp-content/uploads/2024/02/001-014M-2-1.jpg,simple
"Mũi Khoan Hình Ngọn Lửa 1,4mm",Mũi khoan,https://tinnha.vn/shop/mui-khoan-kim-cuong/mui-khoan-hinh-ngon-lua-14mm-3/,"390,000 ",,,https://tinnha.vn/wp-content/uploads/2024/03/250-014C-1-1-1.jpg,simple
Khung Đê (Rubber Dam Frames Adult),Nội nha,https://tinnha.vn/shop/noi-nha/thiet-bi-noi-nha/khung-de-rubber-dam-frames-adult/,"650,000 ",,,https://tinnha.vn/wp-content/uploads/2022/08/khung-de.jpg,simple
Khay Lấy Dấu Implant (Corimplant tray),Vật liệu tiêu hao,https://tinnha.vn/shop/vat-lieu-tieu-hao/khay-lay-dau-implant-corimplant-tray/,"3,250,000 ",,,https://tinnha.vn/wp-content/uploads/2022/08/318155dab85c75022c4d.jpg,simple
"Mũi Trụ Thuôn Đầu Phẳng 1,2mm",Mũi khoan,https://tinnha.vn/shop/mui-khoan-kim-cuong/mui-tru-thuon-dau-phang-12mm/,"390,000 ",,,https://tinnha.vn/wp-content/uploads/2024/02/172-012M-1-1-1.jpg,simple
Ống Bơm Tiêm Cao Su (Curved Utility Syringe),Vật liệu tiêu hao,https://tinnha.vn/shop/vat-lieu-tieu-hao/ong-bom-tiem-cao-su-curved-utility-syringe/,,"8,000 ₫","6,400 ₫",https://tinnha.vn/wp-content/uploads/2023/06/Cotisen_Ong-bom-tiem-cao-su-1-1.jpg,simple
Thun chỉ,Thun,https://tinnha.vn/shop/chinh-nha/thun/thun-chi/,"220,000 ",,,https://tinnha.vn/wp-content/uploads/2024/04/thun-chi4.jpg,simple
"Mũi Khoan Mài Cùi 1,9mm",Mũi khoan,https://tinnha.vn/shop/mui-khoan-kim-cuong/mui-khoan-mai-cui-19mm/,"350,000  – 440,000",,,https://tinnha.vn/wp-content/uploads/2024/03/198-019C-1-2.jpg,configurable
Tay Khoan Phẫu Thuật (Surgical Handpiece),Thiết bị,https://tinnha.vn/shop/thiet-bi/thiet-bi-khac/tay-khoan-phau-thuat-surgical-handpiece/,"2,700,000 ",,,https://tinnha.vn/wp-content/uploads/2022/08/surgical-handpiece.jpg,simple
Kẹp kim (Ms: 2D14),Dụng cụ TN,https://tinnha.vn/shop/dung-cu/kep-kim-ms-2d14/,"449,000 ",,,https://tinnha.vn/wp-content/uploads/2024/04/2D14_Kep-kim-14.png,simple
"Mũi Khoan Đầu Tròn Dài 1,7mm",Mũi khoan,https://tinnha.vn/shop/mui-khoan-kim-cuong/mui-khoan-dau-tron-dai-17mm/,"440,000 ",,,https://tinnha.vn/wp-content/uploads/2024/03/697-017XC-2-1-1.jpg,simple
"Mũi Khoan Đầu Tròn 2,1mm",Mũi khoan,https://tinnha.vn/shop/mui-khoan-kim-cuong/mui-khoan-dau-tron-21mm/,"390,000 ",,,https://tinnha.vn/wp-content/uploads/2024/02/001-021C-1-1-1.jpg,simple
Súng Cao Su Lỏng (Silicone Dispenser Gun),Vật liệu lấy dấu,https://tinnha.vn/shop/vat-lieu-lay-dau/sung-nha-khoa-silicone-dispenser-gun/,"490,000 ",,,https://tinnha.vn/wp-content/uploads/2023/06/Cotisen_Sung-nha-khoa-1-1.jpg,simple
Kềm tháo mắc cài (Ms: 6601-6602),Kềm tháo mắc cài,https://tinnha.vn/shop/dung-cu/kem-thao-mac-cai/kem-thao-mac-cai-ms-6601-6602/,"349,000 ",,,https://tinnha.vn/wp-content/uploads/2024/04/6601-6602_Kem-thao-mac-cai-07.png,simple
Đầu Thẳng Tay Chậm (Straight head),Thiết bị,https://tinnha.vn/shop/thiet-bi/thiet-bi-khac/dau-thang-tay-cham-straight-head-2/,"850,000 ",,,https://tinnha.vn/wp-content/uploads/2022/08/dthangtaycham.jpg,simple
Thun Elastics Amber,*Giải phóng hàng tồn,https://tinnha.vn/shop/sales/thun-elastics-amber/,"13,000  – 14,800",,,https://tinnha.vn/wp-content/uploads/2024/06/thun-chỉnh-nha.jpg,configurable
"Mũi Khoan Đầu Nón Ngược 1,2mm",Mũi khoan,https://tinnha.vn/shop/mui-khoan-kim-cuong/mui-khoan-dau-non-nguoc-12mm/,"350,000 ",,,https://tinnha.vn/wp-content/uploads/2024/02/010-012M-1-1-2.jpg,simple
"Mũi Khoan Đầu Thùng 3,3 mm",Mũi khoan,https://tinnha.vn/shop/mui-khoan-kim-cuong/mui-khoan-dau-thung-33-mm/,"550,000 ",,,https://tinnha.vn/wp-content/uploads/2024/02/039-033M-1-1.jpg,simple
"Mũi Khoan Đầu Tròn 1,8mm",Mũi khoan,https://tinnha.vn/shop/mui-khoan-kim-cuong/mui-khoan-dau-tron-18mm/,"390,000 ",,,https://tinnha.vn/wp-content/uploads/2024/02/001-018C-1-1-1.jpg,simple
"Mũi Khoan Mài Cùi 1,6mm",Mũi khoan,https://tinnha.vn/shop/mui-khoan-kim-cuong/mui-khoan-mai-cui-16mm/,"390,000 ",,,https://tinnha.vn/wp-content/uploads/2024/03/198-016C-1-1.jpg,simple
"Mũi Khoan Nạo Nướu 1,6mm",Mũi khoan,https://tinnha.vn/shop/mui-khoan-kim-cuong/mui-khoan-nao-nuou-16mm/,"390,000 ",,,https://tinnha.vn/wp-content/uploads/2024/03/298-016F-1-1.jpg,simple
Thước Đo Nội Nha (Gutta-percha Measuring Ruler),Nội nha,https://tinnha.vn/shop/noi-nha/thuoc-do-noi-nha-gutta-percha-measuring-ruler/,,"880,000 ₫","704,000 ₫",https://tinnha.vn/wp-content/uploads/2023/06/Thuoc-do-Gutta-Percha-01.png,simple
K File,Nội nha,https://tinnha.vn/shop/noi-nha/tram-noi-nha/k-file/,"75,000  – 80,000",,,https://tinnha.vn/wp-content/uploads/2023/07/k-file-01-1-1.jpg,configurable
SD-Torque,Thiết bị,https://tinnha.vn/shop/thiet-bi/sd-torque/,"16,320,000 ",,,https://tinnha.vn/wp-content/uploads/2022/08/bfc71cbaf13c3c62652d.jpg,simple
"Mũi Mài Chỉnh Composite 1,2mm",Mũi khoan,https://tinnha.vn/shop/mui-khoan-kim-cuong/mui-khoan-mai-chinh-composite-12mm/,"390,000 ",,,https://tinnha.vn/wp-content/uploads/2024/02/164-012M-1-1-1.jpg,simple
Banh môi (Ms: 2917),Dụng cụ TN,https://tinnha.vn/shop/dung-cu/banh-moi-ms-2917/,"190,000 ",,,https://tinnha.vn/wp-content/uploads/2024/04/TN6_Banh-moi-23-1-1.png,simple
Hộp đựng dụng cụ (Ms: 8214),Dụng cụ TN,https://tinnha.vn/shop/dung-cu/hop-dung-dung-cu-ms8214-co-nap/,"270,000 ",,,https://tinnha.vn/wp-content/uploads/2024/04/TN5_Khay-co-nap-1-1.png,simple
Kềm tháo mắc cài Tweed (Ms: 6713),Kềm tháo mắc cài Tweed,https://tinnha.vn/shop/dung-cu/kem-thao-mac-cai-tweed/kem-thao-mac-cai-tweed-ms-6713/,"379,000 ",,,https://tinnha.vn/wp-content/uploads/2024/04/6713_Kem-be-day-cung-tweed.png,simple
"Mũi Hoàn Tất Composite 1,4mm",Mũi khoan,https://tinnha.vn/shop/mui-khoan-kim-cuong/mui-hoan-tat-composite-14mm/,"550,000 ",,,https://tinnha.vn/wp-content/uploads/2024/03/220-014M-2-1-1.jpg,simple
Kẹp kim (Ms: 2B03-2B04),Dụng cụ TN,https://tinnha.vn/shop/dung-cu/kep-kim-ms-2b03-2b04/,"149,000  – 159,000",,,https://tinnha.vn/wp-content/uploads/2024/04/2a_Kep-kim-1-1.png,configurable
Mắc Cài MiniPreval Twin,Chỉnh nha,https://tinnha.vn/shop/chinh-nha/mac-cai-minipreval-twin/,,"1,350,000 ₫","799,000 ₫",https://tinnha.vn/wp-content/uploads/2024/06/Artboard-1-copy-2.png,simple
Súng bắn composite,Vật liệu tiêu hao,https://tinnha.vn/shop/vat-lieu-tieu-hao/sung-ban-composite/,,"90,000 ₫","72,000 ₫",https://tinnha.vn/wp-content/uploads/2024/05/Sung-ban-composite-01.png,simple
Kẹp Kim ( Ms: 2B08),Dụng cụ TN,https://tinnha.vn/shop/dung-cu/kep-kim-ms-2b08/,"289,000 ",,,https://tinnha.vn/wp-content/uploads/2024/04/TN1b_Kep-kim1-1.png,simple
Composite Màu Ngà,Vật liệu trám,https://tinnha.vn/shop/vat-lieu-tram/composite-mau-nga/,"1,900,000 ",,,https://tinnha.vn/wp-content/uploads/2023/07/composite-mau-nga-02-1-1.jpg,simple
Hộp Đựng Mũi Khoan (Bur Holder Box),Vật liệu tiêu hao,https://tinnha.vn/shop/vat-lieu-tieu-hao/hop-dung-mui-khoan-bur-holder-box/,"28,000  – 88,000",,,https://tinnha.vn/wp-content/uploads/2023/06/Hop-dung-mui-khoan-01.png,configurable
Tay Khoan Nhanh (Led Handpiece With Generator),Thiết bị,https://tinnha.vn/shop/thiet-bi/thiet-bi-khac/tay-khoan-nhanh-led-handpiece-with-generator/,"2,900,000 ",,,https://tinnha.vn/wp-content/uploads/2022/08/khoan-nhanh.jpg,simple
Hộp đựng dụng cụ (Ms:8201),Dụng cụ TN,https://tinnha.vn/shop/dung-cu/hop-dung-dung-cu-ms8201/,"339,000 ",,,https://tinnha.vn/wp-content/uploads/2024/04/TN5_Khay-dung-dung-cu-10-1-1.png,simple
Chén trộn,Vật liệu tiêu hao,https://tinnha.vn/shop/vat-lieu-tieu-hao/chen-tron/,,"35,000 ₫","28,000 ₫",https://tinnha.vn/wp-content/uploads/2024/05/Chen-tron-01.png,simple
Kính Bảo Hộ (Safety Glasses),Vật liệu tiêu hao,https://tinnha.vn/shop/vat-lieu-tieu-hao/kinh-bao-ho-safety-glasses/,,"55,000 ₫","44,000 ₫",https://tinnha.vn/wp-content/uploads/2023/06/Kinh-bao-ho-01.png,simple
"Mũi Khoan Hình Nụ 1,6mm",Mũi khoan,https://tinnha.vn/shop/mui-khoan-kim-cuong/mui-khoan-hinh-nu-16mm/,"390,000 ",,,https://tinnha.vn/wp-content/uploads/2024/03/257-016F-1-1.jpg,simple
Thun tách kẽ,Thun,https://tinnha.vn/shop/chinh-nha/thun/thun-tach-ke/,"39,000 ",,,https://tinnha.vn/wp-content/uploads/2024/04/thun-tach-ke.jpg,simple
Dây cung thép kích hoạt nhiệt XR1TM,Dây cung,https://tinnha.vn/shop/chinh-nha/day-cung/day-cung-thep-kich-hoat-nhiet-xr1tm/,"25,000 ",,,https://tinnha.vn/wp-content/uploads/2024/04/Day-cung-XR1TM.jpg,simple
Turning Handle (Tay Cầm quay),Dụng cụ Hàn Quốc,https://tinnha.vn/shop/dung-cu-han-quoc/turning-handle-tay-cam-quay/,"1,080,000 ",,,https://tinnha.vn/wp-content/uploads/2024/06/Tay-cầm-quay.jpg,simple
Cây nạo ngà (Ms:3607),Dụng cụ TN,https://tinnha.vn/shop/dung-cu/cay-nao-nga-ms3607/,"65,000 ",,,https://tinnha.vn/wp-content/uploads/2024/04/TN6_Cay-nao-nga-1-1.png,simple
"Thun Clear Solid Thread, 030",*Giải phóng hàng tồn,https://tinnha.vn/shop/sales/thun-clear-solid-thread-030/,,"220,000 ₫","123,200 ₫",https://tinnha.vn/wp-content/uploads/2024/06/thun-chỉnh-nha-3.jpg,simple
"Mũi Trụ Thuôn Đầu Phẳng 1,3mm",Mũi khoan,https://tinnha.vn/shop/mui-khoan-kim-cuong/mui-tru-thuon-dau-phang-13mm/,"390,000 ",,,https://tinnha.vn/wp-content/uploads/2024/03/174-013C-1-1.jpg,simple
Dây cung Nickel Titanium có nút chặn G4TM,Dây cung,https://tinnha.vn/shop/chinh-nha/day-cung/day-cung-nickel-titanium-co-nut-chan-g4tm/,"105,000 ",,,https://tinnha.vn/wp-content/uploads/2024/04/Day-cung-G4TM-co-nut-chan.jpg,simple
Kẹp kelly ( Ms: 2A19),Dụng cụ TN,https://tinnha.vn/shop/dung-cu/kep-kelly-ms-2a19/,"109,000 ",,,https://tinnha.vn/wp-content/uploads/2024/04/2A19_Kep-kelly.png,simple
Bone Tac – Gói 5 Tac,"Vis, tac",https://tinnha.vn/shop/vat-lieu-cay-ghep/vis-tac/bone-tac/,"1,250,000 ",,,https://tinnha.vn/wp-content/uploads/2023/07/bone-tac-01-1-02-1.jpg,simple
Thun Clear Dyna-Link Short,*Giải phóng hàng tồn,https://tinnha.vn/shop/sales/thun-clear-dyna-link-short/,,"375,000 ₫","232,500 ₫",https://tinnha.vn/wp-content/uploads/2024/06/thun-chuỗi-dyna-link.jpg,simple
Cao Su Lấy Dấu Khớp Cắn,*Giải phóng hàng tồn,https://tinnha.vn/shop/sales/cao-su-lay-dau-khop-can/,,"300,000 ₫","150,000 ₫",https://tinnha.vn/wp-content/uploads/2024/06/smartsil-bite.jpg,simple
Thun  Metalic Silver Dyna-Link,*Giải phóng hàng tồn,https://tinnha.vn/shop/sales/thun-metalic-silver-dyna-link/,"217,500  – 236,200",,,https://tinnha.vn/wp-content/uploads/2024/06/thun-chỉnh-nha-meta.jpg,configurable
"Mũi Khoan Đầu Nón Ngược 1,6mm",Mũi khoan,https://tinnha.vn/shop/mui-khoan-kim-cuong/mui-khoan-dau-non-nguoc-16mm/,"320,000  – 350,000",,,https://tinnha.vn/wp-content/uploads/2024/02/010-016M-1-1-2.jpg,configurable
Thun Liên Hàm,Thun,https://tinnha.vn/shop/chinh-nha/thun/thun-lien-ham/,"17,000 ",,,https://tinnha.vn/wp-content/uploads/2024/04/thun-lien-ham.jpg,simple
Khay Thạch Cao (Tray base),Vật liệu tiêu hao,https://tinnha.vn/shop/vat-lieu-tieu-hao/hop-do-khuon-thach-cao-tray-base/,,"145,000 ₫","116,000 ₫",https://tinnha.vn/wp-content/uploads/2023/06/Khay-do-thach-cao-01.png,simple
Kẹp gắp (Ms: 1301-1303),Kẹp gắp,https://tinnha.vn/shop/dung-cu/kep-gap/kep-gap-ms-1301-1303/,"65,000  – 79,000",,,https://tinnha.vn/wp-content/uploads/2024/04/1301-1303_Kep-gap.png,configurable
Dây cung Nickel Titanium G4TM,Dây cung,https://tinnha.vn/shop/chinh-nha/day-cung/day-cung-nickel-titanium-g4tm-2/,"42,000 ",,,https://tinnha.vn/wp-content/uploads/2024/04/Day-cung-G4TM.jpg,simple
C File,Nội nha,https://tinnha.vn/shop/noi-nha/c-file/,"150,000 ",,,https://tinnha.vn/wp-content/uploads/2023/07/tram-c-file-01-1-1.png,simple
Cây nhồi chất trám ( Ms: 4272),Dụng cụ TN,https://tinnha.vn/shop/dung-cu/cay-nhoi-chat-tram-ms-4272/,"99,000 ",,,https://tinnha.vn/wp-content/uploads/2024/04/TN1c_cay-nhoi-chat-tram-1-1.png,simple
Khay Lấy Dấu (Implant Tray),Vật liệu tiêu hao,https://tinnha.vn/shop/vat-lieu-tieu-hao/khay-lay-dau-implant-tray/,,"65,000 ₫","52,000 ₫",https://tinnha.vn/wp-content/uploads/2023/06/Khay-lay-dau-Implant-01.png,simple
Đê Cao Su (Dental Dam),Vật liệu tiêu hao,https://tinnha.vn/shop/vat-lieu-tieu-hao/de-cao-su-dental-dam/,,"345,000 ₫","276,000 ₫",https://tinnha.vn/wp-content/uploads/2023/06/De-Cao-Su-01.png,simple
"Mũi Trụ Thuôn Đầu Phẳng 1,7mm",Mũi khoan,https://tinnha.vn/shop/mui-khoan-kim-cuong/mui-tru-thuon-dau-phang-17mm/,"390,000 ",,,https://tinnha.vn/wp-content/uploads/2024/03/173-017C-1-1.jpg,simple
"Mũi Khoan Kim Cương Edo 1,8mm",Mũi khoan,https://tinnha.vn/shop/mui-khoan-kim-cuong/mui-khoan-kim-cuong-edo-18mm/,"550,000 ",,,https://tinnha.vn/wp-content/uploads/2024/03/E164-018C-1-1.jpg,simple
Cao Su Lỏng Mega Sil,Vật liệu lấy dấu,https://tinnha.vn/shop/vat-lieu-lay-dau/cao-su-long-mega-sil-2/,"250,000 ",,,https://tinnha.vn/wp-content/uploads/2023/08/cao-su-long-mega-sil-light-1-1.jpg,simple
Nạo túi nha chu (Ms: 3108-3110),Dụng cụ TN,https://tinnha.vn/shop/dung-cu/boc-tach-ms-3108-3110/,"109,000 ",,,https://tinnha.vn/wp-content/uploads/2024/04/2a_Nao-tui-nha-chu-05-1-1.png,simple
Cao Su Đặc (Mega Sil Putty),Vật liệu lấy dấu,https://tinnha.vn/shop/vat-lieu-lay-dau/cao-su-dac-mega-sil/,"850,000 ",,,https://tinnha.vn/wp-content/uploads/2022/01/cao0su-dac-mega-sil-2-01-01-1.jpg,simple
Mắc Cài Comfort Zone,Chỉnh nha,https://tinnha.vn/shop/chinh-nha/mac-cai-comfort-zone/,,"660,000 ₫","395,000 ₫",https://tinnha.vn/wp-content/uploads/2024/06/Artboard-1.png,simple
Máy Nội Nha Không Dây Thế Hệ Mới ZR Touch,Nội nha,https://tinnha.vn/shop/noi-nha/may-noi-nha-khong-day-the-he-moi-zr-touch/,"8,900,000 ",,,https://tinnha.vn/wp-content/uploads/2023/07/z4541875700221_cb0f9bd1cdc8a51560ef9e255a99ad69.jpg,simple
Trâm S-BLUE II,Nội nha,https://tinnha.vn/shop/noi-nha/tram-noi-nha/tram-s-blue-ii/,"385,000 ",,,https://tinnha.vn/wp-content/uploads/2023/07/tram-sblue-2-01-1-1.jpg,simple
Tay Khoan Chuyên Dùng Cắt Chân Răng (Contra angle),Thiết bị,https://tinnha.vn/shop/thiet-bi/thiet-bi-khac/tay-khoan-chuyen-dung-cat-chan-rang-contra-angle/,"9,900,000 ",,,https://tinnha.vn/wp-content/uploads/2022/08/implant-1-5.jpg,simple
"Mũi Trụ Thuôn Đầu Phẳng 1,4mm",Mũi khoan,https://tinnha.vn/shop/mui-khoan-kim-cuong/mui-tru-thuon-dau-phang-14mm/,"390,000 ",,,https://tinnha.vn/wp-content/uploads/2024/02/171-014M-1-1-3.jpg,simple
Banh môi (Ms: 2906),Dụng cụ TN,https://tinnha.vn/shop/dung-cu/banh-moi-ms-2906/,"369,000 ",,,https://tinnha.vn/wp-content/uploads/2024/04/TN6_Banh-moi-22-1-1.png,simple
SD-Torque,*Giải phóng hàng tồn,https://tinnha.vn/shop/sales/sd-torque-2/,,"16,320,000 ₫","9,792,000 ₫",https://tinnha.vn/wp-content/uploads/2024/06/Sd-torque.jpg,simple
Đèn Cồn (Alcohol Lamp),Vật liệu tiêu hao,https://tinnha.vn/shop/vat-lieu-tieu-hao/den-con-alcohol-lamp/,"27,000 ",,,https://tinnha.vn/wp-content/uploads/2023/06/Den-con-01.png,simple
Kẹp phẫu tích có mấu (Ms: 2F24),Kẹp phẫu tích,https://tinnha.vn/shop/dung-cu/kep-phau-tich/kep-phau-tich-co-mau-ms-2f24/,"79,000 ",,,https://tinnha.vn/wp-content/uploads/2024/04/2F24_Kep-phau-tich-co-mau-05.png,simple
Kềm bẻ đuôi dây Cinchback (6728),Kềm bẻ đuôi dây Cinchback,https://tinnha.vn/shop/dung-cu/kem-be-duoi-day-cinchback/kem-be-duoi-day-cinchback-ms-6728/,"489,000 ",,,https://tinnha.vn/wp-content/uploads/2024/04/6728_Kem-be-duoi-day-Cinchback.png,simple
"Mũi Trụ Thuôn Đầu Tròn 1,8mm",Mũi khoan,https://tinnha.vn/shop/mui-khoan-kim-cuong/mui-tru-thuon-dau-tron-18mm/,"350,000  – 390,000",,,https://tinnha.vn/wp-content/uploads/2024/03/199-018F-1-1.jpg,configurable
Ống hút phẫu thuật (Ms: 2C05),Ống hút phẫu thuật,https://tinnha.vn/shop/dung-cu/ong-hut-phau-thuat/ong-hut-phau-thuat-ms-2c05/,"289,000 ",,,https://tinnha.vn/wp-content/uploads/2024/04/2C05_Ong-hut-phau-thuat-02-1-1.png,simple
Vật liệu ghép mô mềm dạng miếng ABCcolla,Vật liệu cấy ghép,https://tinnha.vn/shop/vat-lieu-cay-ghep/vat-lieu-ghep-mo-mem-dang-mieng-abccolla/,"1,785,000  – 4,725,000",,,https://tinnha.vn/wp-content/uploads/2024/01/1-2-1.jpg,configurable
Xi Măng Gắn Tạm Cho Implant (Dentotemp),Vật liệu gắn,https://tinnha.vn/shop/vat-lieu-gan/xi-mang-gan-tam-cho-implant-dentotemp/,"1,100,000 ",,,https://tinnha.vn/wp-content/uploads/2022/08/dentotemp-2642-1000x1000-1.jpg,simple
"Mũi Reduction Cylinder 1,7mm",Mũi khoan,https://tinnha.vn/shop/mui-khoan-kim-cuong/mui-gross-reduction-cylinder-17mm/,"350,000 ",,,https://tinnha.vn/wp-content/uploads/2024/03/512-017C-2-1.jpg,simple
"Mũi Khoan Đầu Nón Ngược 0,9mm",Mũi khoan,https://tinnha.vn/shop/mui-khoan-kim-cuong/mui-khoan-non-nguoc-09mm/,"350,000 ",,,https://tinnha.vn/wp-content/uploads/2024/02/010-009M-1-1-3.jpg,simple
"Mũi Khoan Hình Ngọn Lửa 1,2mm",Mũi khoan,https://tinnha.vn/shop/mui-khoan-kim-cuong/mui-khoan-hinh-ngon-lua-14mm/,"320,000  – 550,000",,,https://tinnha.vn/wp-content/uploads/2024/03/250-012C-1-1.jpg,configurable
"Mũi Khoan Hình Ngọn Lửa 1,2mm",Mũi khoan,https://tinnha.vn/shop/mui-khoan-kim-cuong/mui-khoan-hinh-ngon-lua-12mm/,"390,000 ",,,https://tinnha.vn/wp-content/uploads/2024/03/249-012M-1-1.jpg,simple
Banh môi (Ms: 2902),Dụng cụ TN,https://tinnha.vn/shop/dung-cu/banh-moi-ms-2902/,"229,000 ",,,https://tinnha.vn/wp-content/uploads/2024/04/TN6_Banh-moi-24-1-1.png,simple
Dụng cụ nghiền xương (Ms: 5505),Dụng cụ nghiền xương,https://tinnha.vn/shop/dung-cu/dung-cu-nghien-xuong/dung-cu-nghien-xuong-ms-5505/,"1,390,000 ",,,https://tinnha.vn/wp-content/uploads/2024/04/TN-4a_Dung-cu-nghien-xuong-06-1-1.png,simple
Dụng cụ nâng xoang (Ms: 5401),Dụng cụ TN,https://tinnha.vn/shop/dung-cu/dung-cu-nang-xoang-ms-5401-5402/,"139,000  – 159,000",,,https://tinnha.vn/wp-content/uploads/2024/04/TN6_Dung-cu-nang-mang-xoang-1-1.png,configurable
Resin Matrix Bands,Vật liệu tiêu hao,https://tinnha.vn/shop/vat-lieu-tieu-hao/resin-matrix-bands/,,"425,000 ₫","340,000 ₫",https://tinnha.vn/wp-content/uploads/2023/06/Resin-matrix-bands-01.png,simple
Bóc tách ( Ms: 2605),Dụng cụ TN,https://tinnha.vn/shop/dung-cu/boc-tach-ms-2605/,"109,000 ",,,https://tinnha.vn/wp-content/uploads/2024/04/2605-1-1.png,simple
"Mũi Khoan Kim Cương Edo 1,5mm",Mũi khoan,https://tinnha.vn/shop/mui-khoan-kim-cuong/mui-khoan-kim-cuong-edo-15mm-2/,"790,000 ",,,https://tinnha.vn/wp-content/uploads/2024/03/E213-015M-1-1.jpg,simple
Cao Su Lấy Dấu Khớp Cắn (Smartsil Bite),Vật liệu lấy dấu,https://tinnha.vn/shop/vat-lieu-lay-dau/cao-su-lay-dau-khop-can-smartsil-bite-2/,"300,000 ",,,https://tinnha.vn/wp-content/uploads/2023/08/cao-su-lay-dau-khop-can-1-1-1.jpg,simple
"Mũi Khoan Hình Trụ Phẳng 1,4mm",Mũi khoan,https://tinnha.vn/shop/mui-khoan-kim-cuong/mui-khoan-hinh-tru-cuoi-phang-14mm/,"350,000 ",,,https://tinnha.vn/wp-content/uploads/2024/02/110-014XC-1-1-2.jpg,simple
Bộ Cọ Titan Làm Sạch Cổ Implant (Titan Brush),Dụng cụ Hàn Quốc,https://tinnha.vn/shop/dung-cu-han-quoc/bo-co-titan-lam-sach-co-implant-titan-brush/,"8,570,000 ",,,https://tinnha.vn/wp-content/uploads/2022/08/bdf35cb7b1317c6f2520.jpg,simple
"Mũi Trụ Thuôn Đầu Phẳng 1,8mm",Mũi khoan,https://tinnha.vn/shop/mui-khoan-kim-cuong/mui-tru-thuon-dau-phang-18mm/,"390,000 ",,,https://tinnha.vn/wp-content/uploads/2024/03/173-018C-1-1.jpg,simple
Xi Măng Gắn Tạm (Any-temp),Vật liệu gắn,https://tinnha.vn/shop/vat-lieu-gan/xi-mang-gan-tam-any-temp/,"195,000 ",,,https://tinnha.vn/wp-content/uploads/2022/08/73871a36f7b03aee63a1.jpg,simple
Mũi Cắt Mô Mềm (Soft Tissues Trimmer) – lẻ,Dụng cụ Hàn Quốc,https://tinnha.vn/shop/dung-cu-han-quoc/mui-cat-mo-mem-soft-tissues-trimmer-le/,"2,950,000 ",,,https://tinnha.vn/wp-content/uploads/2022/08/cb506e09838f4ed1179e.jpg,simple
Kềm bẻ dây (Ms: 6203-6707),Kềm bẻ dây,https://tinnha.vn/shop/dung-cu/kem-be-day/kem-be-day-ms-6203-6707/,"279,000  – 719,000",,,https://tinnha.vn/wp-content/uploads/2024/04/6203-6707-Kem-be-day.png,configurable
Cone Chính Không Vạch (2%),*Giải phóng hàng tồn,https://tinnha.vn/shop/sales/cone-chinh-khong-vach-2/,,"55,000 ₫","30,800 ₫",https://tinnha.vn/wp-content/uploads/2024/06/cone-chính-không-vạch.jpg,simple
Móc chỉnh nha,Dụng cụ chỉnh nha,https://tinnha.vn/shop/chinh-nha/dung-cu-chinh-nha/moc-chinh-nha/,"50,000 ",,,https://tinnha.vn/wp-content/uploads/2024/04/moc-chinh-nha.jpg,simple
Kit Hướng Dẫn Định Vị Phẫu Thuật (Implant Positioning – Kit),Kit phẫu thuật,https://tinnha.vn/shop/kit-phau-thuat/kit-huong-dan-dinh-vi-phau-thuat-implant-positioning-kit/,"14,160,000 ",,,https://tinnha.vn/wp-content/uploads/2022/08/767a4801a58768d93196.jpg,simple
Kềm tháo mắc cài (Ms: 6401),Kềm tháo mắc cài,https://tinnha.vn/shop/dung-cu/kem-thao-mac-cai/kem-thao-mac-cai-ms-6401/,"690,000 ",,,https://tinnha.vn/wp-content/uploads/2024/04/6401_Kềm-tháo-mắc-cài.png,simple
Trám Bít Ống Tủy One-fil,Nội nha,https://tinnha.vn/shop/noi-nha/tram-bit-ong-tuy-one-fil-2/,"1,350,000 ",,,https://tinnha.vn/wp-content/uploads/2024/03/c25e907ec4bd68e331ac-1.jpg,simple
Đồ Giữ Đê (Rubber Dam Clamps),Nội nha,https://tinnha.vn/shop/noi-nha/do-giu-de-rubber-dam-clamps/,"359,000 ",,,https://tinnha.vn/wp-content/uploads/2022/08/clamp-no12.jpg,simple
Khay lấy dấu khớp cắn,Vật liệu tiêu hao,https://tinnha.vn/shop/vat-lieu-tieu-hao/khay-lay-dau-khop-can/,,"85,000 ₫","68,000 ₫",https://tinnha.vn/wp-content/uploads/2024/05/Khay-lay-dau-khop-can-01.png,simple
Bone Profiler,Thiết bị,https://tinnha.vn/shop/thiet-bi/bone-profiler/,"12,150,000 ",,,https://tinnha.vn/wp-content/uploads/2023/08/bone-profiler-01-1.jpg,simple
Hộp PRF Đơn Giản,*Giải phóng hàng tồn,https://tinnha.vn/shop/sales/hop-prf-don-gian/,,"4,900,000 ₫","2,940,000 ₫",https://tinnha.vn/wp-content/uploads/2024/06/Hộp-PRF.jpg,simple
Thuốc Nhộm Màu Ống Tủy,Nội nha,https://tinnha.vn/shop/noi-nha/thuoc-nhom-mau-ong-tuy-canal-seek/,"390,000 ",,,https://tinnha.vn/wp-content/uploads/2024/03/d9be59930d50a10ef841-1.jpg,simple
"Bộ Đục Lợi, Chẻ Xương Trimmer Kit",*Giải phóng hàng tồn,https://tinnha.vn/shop/sales/bo-duc-loi-che-xuong-trimmer-kit/,,"10,250,000 ₫","6,150,000 ₫",https://tinnha.vn/wp-content/uploads/2024/06/Trimer-kit.jpg,simple
Mũi Kim Ngọn Lửa Đầu Ngắn 1mm,Mũi khoan,https://tinnha.vn/shop/mui-khoan-kim-cuong/mui-kim-ngon-lua-dau-ngan-1mm-2/,"390,000 ",,,https://tinnha.vn/wp-content/uploads/2024/03/FLAME-NEEDLE-short-head-t3-03-1-1.jpg,simple
"Mũi Trụ Thuôn Đầu Tròn 1,2mm",Mũi khoan,https://tinnha.vn/shop/mui-khoan-kim-cuong/mui-khoan-mai-cui-19mm-sao-chep/,"350,000  – 390,000",,,https://tinnha.vn/wp-content/uploads/2024/03/199-012C-2-1.jpg,configurable
Vis Cố Định Xương – Gói 5 Vis,Vật liệu cấy ghép,https://tinnha.vn/shop/vat-lieu-cay-ghep/vis-co-dinh-xuong/,"1,450,000 ",,,https://tinnha.vn/wp-content/uploads/2023/07/vis-co-dinh-xuong-01-1-1-02-1.jpg,simple
Tẩy Trắng Tại Phòng (W-gel),Tẩy trắng,https://tinnha.vn/shop/tay-trang/tay-trang-tai-phong-w-gel/,"2,250,000 ",,,https://tinnha.vn/wp-content/uploads/2023/06/tay-trang-01-1.png,simple
"Mũi Mài Chỉnh Composite 1,2mm",Mũi khoan,https://tinnha.vn/shop/mui-khoan-kim-cuong/mui-mai-chinh-composite-12mm-2/,"320,000 ",,,https://tinnha.vn/wp-content/uploads/2024/02/166-012C-1-1-1.jpg,simple
Kẹp gắp (Ms: 1308),Kẹp gắp,https://tinnha.vn/shop/dung-cu/kep-gap/kep-gap-ms-1308/,"65,000 ",,,https://tinnha.vn/wp-content/uploads/2024/04/1308_Kep-gap.png,simple
Bộ Kit Nâng Xoang Kín + Hở + Thủy Lực (Sinus Combination Kit),Kit phẫu thuật,https://tinnha.vn/shop/kit-phau-thuat/bo-kit-nang-xoang-kin-ho-thuy-luc-sinus-combination-kit/,"37,500,000 ",,,https://tinnha.vn/wp-content/uploads/2022/08/e9d98daa602cad72f43d.jpg,simple
Bộ Kit Nâng Xoang Kín Đơn Giản (Simple Sinus Crestal Reamer Kit),Kit phẫu thuật,https://tinnha.vn/shop/kit-phau-thuat/bo-kit-nang-xoang-kin-don-gian-simple-sinus-crestal-reamer-kit/,"9,840,000 ",,,https://tinnha.vn/wp-content/uploads/2022/08/78b98bf8667eab20f26f.jpg,simple
Dụng Cụ Tháo Trụ Chân Răng Và Ốc Implant,Dụng cụ Hàn Quốc,https://tinnha.vn/shop/dung-cu-han-quoc/dung-cu-thao-tru-chan-rang-va-oc-implant/,,"2,000,000 ₫","1,200,000 ₫",https://tinnha.vn/wp-content/uploads/2024/06/Dụng-cụ-tháo-trụ-chân-răng.jpg,simple
Mũi Đánh Bóng (Prophy Brush),Vật liệu tiêu hao,https://tinnha.vn/shop/vat-lieu-tieu-hao/mui-danh-bong-prophy-brush-2/,"159,200  – 340,000",,,https://tinnha.vn/wp-content/uploads/2024/05/Mũi-dánh-bóng-02-01.png,configurable
Bay (Ms: 7909-7922),Dụng cụ TN,https://tinnha.vn/shop/dung-cu/bay-ms-7909-7922/,"49,000  – 329,000",,,https://tinnha.vn/wp-content/uploads/2024/04/TN2c_Bay-02-1-1.png,configurable
Kéo Cắt Phẫu Thuật ( Ms: 2101),Dụng cụ TN,https://tinnha.vn/shop/dung-cu/keo-cat-phau-thuat-ms-2101/,"99,000 ",,,https://tinnha.vn/wp-content/uploads/2024/04/TN1b_Keo-cat-phau-thuat1-1.png,simple
Cốc rỗng (Ms: 8210),"Cốc rỗng, chén trộn",https://tinnha.vn/shop/dung-cu/coc-rong/coc-rong-ms-8210/,"529,000 ",,,https://tinnha.vn/wp-content/uploads/2024/04/TN3_Coc-rong-1-1.png,simple
Kềm cắt dây mảnh (Ms: 6106),Kềm cắt dây mảnh,https://tinnha.vn/shop/dung-cu/kem-cat-day-manh/kem-cat-day-manh-ms-6106/,"739,000 ",,,https://tinnha.vn/wp-content/uploads/2024/04/6106_Kem-cat-day-manh-1.png,simple
"Mũi Khoan Mài Cùi 2,3mm",Mũi khoan,https://tinnha.vn/shop/mui-khoan-kim-cuong/mui-tru-thuon-dau-phang-23mm/,"390,000  – 550,000",,,https://tinnha.vn/wp-content/uploads/2024/03/197-023C-1-1.jpg,configurable
Kềm Bấm Lỗ Đê (KSK Rubber Dam Clamps Punch),Nội nha,https://tinnha.vn/shop/noi-nha/thiet-bi-noi-nha/kem-bam-lo-de-ksk-rubber-dam-clamps-punch/,"2,200,000 ",,,https://tinnha.vn/wp-content/uploads/2022/08/kem-dat-de.jpg,simple
Cán dao (Ms: 2205- 2206),"Dao, cán dao",https://tinnha.vn/shop/dung-cu/dao-can-dao/can-dao-ms-2205-2206/,"139,000  – 149,000",,,https://tinnha.vn/wp-content/uploads/2024/04/2205-2206_Can-dao-09.png,configurable
Cây Nạo Xương ( Ms: 2416- 2417),Dụng cụ TN,https://tinnha.vn/shop/dung-cu/cay-nao-xuong-ms-2416-2417/,"109,000 ",,,https://tinnha.vn/wp-content/uploads/2024/04/TN1_Cay-nao-xuong-05-1.png,simple
Vật Liệu Giảm Ê Buốt Any-Flu Gel,*Giải phóng hàng tồn,https://tinnha.vn/shop/sales/vat-lieu-giam-e-buot-any-flu-gel/,,"95,000 ₫","51,300 ₫",https://tinnha.vn/wp-content/uploads/2024/06/any-flu-gel.jpg,simple
"Mũi Khoan Mài Cùi 1,2mm",Mũi khoan,https://tinnha.vn/shop/mui-khoan-kim-cuong/mui-khoan-mai-cui-12mm-2/,"390,000 ",,,https://tinnha.vn/wp-content/uploads/2024/03/197-012F-scaled.jpg,simple
Dây cung Nickel Titanium kích hoạt nhiệt M5TM,Dây cung,https://tinnha.vn/shop/chinh-nha/day-cung/day-cung-nickel-titanium-kich-hoat-nhiet-m5tm-2/,"85,000 ",,,https://tinnha.vn/wp-content/uploads/2024/04/Day-cung-M5TM-2.jpg,simple
Kềm Weigart (Ms: 6201),Kềm Weigart,https://tinnha.vn/shop/dung-cu/kem-weigart/kem-weigart-ms-6201/,"749,000 ",,,https://tinnha.vn/wp-content/uploads/2024/04/6201_Kem-Weingart-.png,simple
Cây ghép xương ( Ms:5503),Dụng cụ TN,https://tinnha.vn/shop/dung-cu/cay-ghep-xuong-ms5503/,"309,000 ",,,https://tinnha.vn/wp-content/uploads/2024/04/TN6_Dung-cu-ghep-xuong-1-1.png,simple
Vis Cọc Lều – Gói 5 Vis,Vật liệu cấy ghép,https://tinnha.vn/shop/vat-lieu-cay-ghep/vis-coc-leu/,"1,600,000 ",,,https://tinnha.vn/wp-content/uploads/2023/07/vis-coc-leu-2-01-1-1-02-1.jpg,simple
Cọ Titan Làm Sạch Cổ Implant (Titanium brush)-lẻ,Dụng cụ Hàn Quốc,https://tinnha.vn/shop/dung-cu-han-quoc/co-titan-lam-sach-co-implant-titanium-brush-le-2/,"960,000 ",,,https://tinnha.vn/wp-content/uploads/2022/08/bdf35cb7b1317c6f2520.jpg,simple
"Mũi Khoan Mài Cùi 2,5mm",Mũi khoan,https://tinnha.vn/shop/mui-khoan-kim-cuong/mui-khoan-mai-cui-25mm/,"440,000  – 550,000",,,https://tinnha.vn/wp-content/uploads/2024/03/198-025C-1-1-1.jpg,configurable
"Mũi Khoan Hình Nụ 3,2mm",Mũi khoan,https://tinnha.vn/shop/mui-khoan-kim-cuong/mui-khoan-hinh-nu-32mm/,"550,000 ",,,https://tinnha.vn/wp-content/uploads/2024/03/257-032M-1-1.jpg,simple
Gates Drills,Nội nha,https://tinnha.vn/shop/noi-nha/tram-noi-nha/gates-drills/,"150,000 ",,,https://tinnha.vn/wp-content/uploads/2023/07/tram-gates-drills-01-1-1.png,simple
Dao cắt sáp (Ms: 7905-7906),"Dao, cán dao",https://tinnha.vn/shop/dung-cu/dao-can-dao/dao-cat-sap-ms-7905-7906/,"39,000  – 49,000",,,https://tinnha.vn/wp-content/uploads/2024/04/7905-7906_Dao-cat-sap.png,configurable
Bay ( Ms: 7918),Dụng cụ TN,https://tinnha.vn/shop/dung-cu/bay-ms-7918/,"79,000 ",,,https://tinnha.vn/wp-content/uploads/2024/04/TN2c_Bay-06-1-1.png,simple
Spreaders File,Trâm nội nha,https://tinnha.vn/shop/noi-nha/tram-noi-nha/spreaders-file/,"60,000 ",,,https://tinnha.vn/wp-content/uploads/2023/07/tram-spreader-file-01-1-1.png,simple
Tay Khoan Nhanh (Anti-retraction Handpiece),Thiết bị,https://tinnha.vn/shop/thiet-bi/thiet-bi-khac/tay-khoan-nhanh-anti-retraction-handpiece/,"2,500,000 ",,,https://tinnha.vn/wp-content/uploads/2022/08/khoan-nhanh-2.jpg,simple
Kềm chỉnh nha (Ms: 6133),Kềm chỉnh nha,https://tinnha.vn/shop/dung-cu/kem-chinh-nha/kem-chinh-nha-ms-6133/,"719,000 ",,,https://tinnha.vn/wp-content/uploads/2024/04/6133_Kem-chinh-nha.png,simple
Nút chỉnh nha,Dụng cụ chỉnh nha,https://tinnha.vn/shop/chinh-nha/dung-cu-chinh-nha/nut-chinh-nha/,"50,000 ",,,https://tinnha.vn/wp-content/uploads/2024/04/nut-chinh-nha.jpg,simple
Cán cọ Etching,Vật liệu tiêu hao,https://tinnha.vn/shop/vat-lieu-tieu-hao/can-co-etching/,,"20,000 ₫","18,000 ₫",https://tinnha.vn/wp-content/uploads/2024/05/Can-co-Etching-01.png,simple
ENA HRi Mini Kit,Vật liệu trám,https://tinnha.vn/shop/vat-lieu-tram/ena-hri-mini-kit/,"4,050,000 ",,,https://tinnha.vn/wp-content/uploads/2023/07/ena-hri-mini-kit-02-01-2.jpg,simple
Gel Làm Sạch Ống Tủy (Endo Prep Gel),Nội nha,https://tinnha.vn/shop/noi-nha/vat-lieu-noi-nha/gel-lam-sach-ong-tuy-endo-prep-gel/,"240,000 ",,,https://tinnha.vn/wp-content/uploads/2022/01/Gel-Lam-Sach-Ong-Tuy.png,simple
Keo Dán Thế Hệ Thứ 5 (Anybond),Sản phẩm khác,https://tinnha.vn/shop/san-pham-khac/keo-dan-the-he-thu-5-anybond-2/,"330,000 ",,,https://tinnha.vn/wp-content/uploads/2022/08/aba83205df8312dd4b92.jpg,simple
Kềm Mathieu (Ms: 2D01-2D02),Kềm Mathieu,https://tinnha.vn/shop/dung-cu/kem-mathieu/kem-mathieu-ms-2d01-2d02/,"219,000  – 229,000",,,https://tinnha.vn/wp-content/uploads/2024/04/2D01-2D02_Kem-Mathieu-01.png,configurable
Máy Nội Nha Định Vị Chóp ZR Rap,Nội nha,https://tinnha.vn/shop/noi-nha/may-noi-nha-dinh-vi-chop-zr-rap/,"15,000,000 ",,,https://tinnha.vn/wp-content/uploads/2023/07/z4545240432674_9fa824726831013c8fcc58e139a18edc.jpg,simple
Kẹp phẫu tích không mấu (Ms: 2F14),Dụng cụ TN,https://tinnha.vn/shop/dung-cu/kep-phau-tich-khong-mau-ms-2f14/,"149,000 ",,,https://tinnha.vn/wp-content/uploads/2024/04/2F14_Kep-phau-tich-khong-mau.png,simple
"Mũi Khoan Đầu Tròn 0,9mm",Mũi khoan,https://tinnha.vn/shop/mui-khoan-kim-cuong/mui-khoan-ball-001-009m/,"390,000 ",,,https://tinnha.vn/wp-content/uploads/2024/02/001-009M-2-3.jpg,simple
"Mũi Khoan Mài Cùi 1,4mm",Mũi khoan,https://tinnha.vn/shop/mui-khoan-kim-cuong/mui-khoan-mai-cui-14mm-2/,"390,000 ",,,https://tinnha.vn/wp-content/uploads/2024/03/197-014XC-1-1.jpg,simple
Mắc Cài MiniPreval SL,Chỉnh nha,https://tinnha.vn/shop/chinh-nha/mac-cai-minipreval-sl/,"4,500,000 ",,,https://tinnha.vn/wp-content/uploads/2024/06/Artboard-1-copy.png,simple
Trâm Tay TG6,Nội nha,https://tinnha.vn/shop/noi-nha/tram-tay-tg6/,"385,000 ",,,https://tinnha.vn/wp-content/uploads/2023/09/z4685688051671_d2cd98dbd89d5bc972b0e05044de2c13.jpg,simple
Chén trộn (Ms: 8204),Dụng cụ TN,https://tinnha.vn/shop/dung-cu/chen-tron-ms-8204/,"79,000 ",,,https://tinnha.vn/wp-content/uploads/2024/04/TN3_Chen-tron-11-1-1.png,simple
"Mũi Khoan Đầu Tròn 1,2mm",Mũi khoan,https://tinnha.vn/shop/mui-khoan-kim-cuong/mui-khoan-ball-001-012c/,"390,000 ",,,https://tinnha.vn/wp-content/uploads/2024/02/001-012C-1-1-1.jpg,simple
"Mũi Trụ Thuôn Đầu Phẳng 1,4mm",Mũi khoan,https://tinnha.vn/shop/mui-khoan-kim-cuong/mui-tru-thuon-dau-phang-14mm-3/,"390,000 ",,,https://tinnha.vn/wp-content/uploads/2024/02/173-014C-1-1-1.jpg,simple
Xi Măng Gắn Vĩnh Viễn  Total C-Ram,*Giải phóng hàng tồn,https://tinnha.vn/shop/sales/xi-mang-gan-vinh-vien-total-c-ram/,,"1,950,000 ₫","975,000 ₫",https://tinnha.vn/wp-content/uploads/2024/06/Xi-măng-total-cram.jpg,simple
Bay (Ms: 7916-7917),Dụng cụ TN,https://tinnha.vn/shop/dung-cu/bay-ms-7916-7917/,"65,000  – 79,000",,,https://tinnha.vn/wp-content/uploads/2024/04/TN2c_Bay-01-1-1.png,configurable
Thám trâm (Ms: 1419),Thám trâm,https://tinnha.vn/shop/dung-cu/tham-tram/tham-tram-ms-1419/,"55,000 ",,,https://tinnha.vn/wp-content/uploads/2024/04/TN6_Tham-tram-1-1.png,simple
"Mũi Khoan Đầu Nụ Nhọn 2,7mm",Mũi khoan,https://tinnha.vn/shop/mui-khoan-kim-cuong/mui-khoan-dau-nu-nhon-27mm/,"550,000 ",,,https://tinnha.vn/wp-content/uploads/2024/02/033-027M-1-1.jpg,simple
Đầu Trộn Cao Su Lỏng (Mixing Tip),Vật liệu tiêu hao,https://tinnha.vn/shop/vat-lieu-tieu-hao/dau-tron-cao-su-long-mixing-tip/,,"200,000 ₫","160,000 ₫",https://tinnha.vn/wp-content/uploads/2023/06/Dau-tron-cao-su-long-01.png,simple
Tay Khoan Mài Kẽ (Interpoximal Contra Angle),Thiết bị,https://tinnha.vn/shop/thiet-bi/thiet-bi-khac/tay-khoan-mai-ke-interpoximal-contra-angle/,"2,700,000 ",,,https://tinnha.vn/wp-content/uploads/2022/08/taykhoanmaike.jpg,simple
(Osteotome S-Set) Để Mở Rộng Xương,*Giải phóng hàng tồn,https://tinnha.vn/shop/sales/osteotome-s-set-de-mo-rong-xuong/,,"6,990,000 ₫","4,194,000 ₫",https://tinnha.vn/wp-content/uploads/2024/06/Dụng-cụ-mở-rộng-xương.jpg,simple
Trâm Máy TG6,Nội nha,https://tinnha.vn/shop/noi-nha/tram-may-tg6/,"385,000 ",,,https://tinnha.vn/wp-content/uploads/2023/07/tram-may-TG6-01-1-1.png,simple
Cây dũa xương (Ms: 2701),Dụng cụ TN,https://tinnha.vn/shop/dung-cu/cay-dua-xuong-ms-2701/,"179,000 ",,,https://tinnha.vn/wp-content/uploads/2024/04/2701_Cay-dua-xuong-1-1.png,simple
Mũi Khoan Mài Cùi 1mm,Mũi khoan,https://tinnha.vn/shop/mui-khoan-kim-cuong/mui-khoan-mai-cui-1mm/,"390,000 ",,,https://tinnha.vn/wp-content/uploads/2024/03/198-010C-1-1-1.jpg,simple
Kéo Cắt Phẫu Thuật ( Ms: 2102),Dụng cụ TN,https://tinnha.vn/shop/dung-cu/keo-cat-phau-thuat-ms-2102/,"99,000 ",,,https://tinnha.vn/wp-content/uploads/2024/04/TN1b_Keo-cat-phau-thuat-021-1.png,simple
Kẹp ghim (Ms: 2A05-2A06),Dụng cụ TN,https://tinnha.vn/shop/dung-cu/kep-ghim-ms-2a05-2a07/,"109,000  – 119,000",,,https://tinnha.vn/wp-content/uploads/2024/04/TN-2b_Kep-kim-1-1.png,configurable
"Mũi Trụ Thuôn Đầu Tròn 1,4mm",Mũi khoan,https://tinnha.vn/shop/mui-khoan-kim-cuong/mui-tru-thuon-dau-tron-14mm/,"320,000  – 390,000",,,https://tinnha.vn/wp-content/uploads/2024/03/199-014M-1-1.jpg,configurable
"Mũi Đánh Dấu Độ Sâu T=0,03",Mũi khoan,https://tinnha.vn/shop/mui-khoan-kim-cuong/mui-danh-dau-do-sau-003mm/,"860,000 ",,,https://tinnha.vn/wp-content/uploads/2024/03/552-016M-1-1.jpg,simple
"Mũi Khoan Đầu Tròn 1,6mm",Mũi khoan,https://tinnha.vn/shop/mui-khoan-kim-cuong/mui-khoan-dau-tron-16mm-2/,"550,000 ",,,https://tinnha.vn/wp-content/uploads/2024/03/546-016M-1-1.jpg,simple
Cây đưa MTA,Dụng cụ TN,https://tinnha.vn/shop/dung-cu/cay-dua-mta/,"219,000 ",,,https://tinnha.vn/wp-content/uploads/2024/04/TN6_Cay-dua-MTA-1-1.png,simple
Dây cung thép S3TM,Dây cung,https://tinnha.vn/shop/chinh-nha/day-cung/day-cung-thep-s3tm/,"20,000 ",,,https://tinnha.vn/wp-content/uploads/2024/04/Day-cung-S3TM.jpg,simple
"Mũi Mài Chỉnh Composite 1,4mm",Mũi khoan,https://tinnha.vn/shop/mui-khoan-kim-cuong/mui-mai-chinh-composite-14mm/,"320,000  – 390,000",,,https://tinnha.vn/wp-content/uploads/2024/02/165-014XF-1-1-1.jpg,configurable
"Mũi Khoan Mài Cùi 1,6mm",Mũi khoan,https://tinnha.vn/shop/mui-khoan-kim-cuong/mui-khoan-mai-cui-16mm-2/,"390,000 ",,,https://tinnha.vn/wp-content/uploads/2024/03/198-016C-1-1-1.jpg,simple
Tay Khoan Nghiêng 45˚ (Increase speed contra angle),Thiết bị,https://tinnha.vn/shop/thiet-bi/thiet-bi-khac/tay-khoan-nghieng-45-do-increase-speed-contra-angle/,"12,500,000 ",,,https://tinnha.vn/wp-content/uploads/2022/08/khoan-nghieng-45-Copy.jpg,simple
Dây cung Nickel Titanium G4TM,Dây cung,https://tinnha.vn/shop/chinh-nha/day/day-cung-nickel-titanium-g4tm/,"39,000 ",,,https://tinnha.vn/wp-content/uploads/2024/04/Day-cung-G4TM-2.jpg,simple
Trám Bít Sinh Học One-fil PT,Vật liệu nội nha,https://tinnha.vn/shop/noi-nha/vat-lieu-noi-nha/tram-bit-sinh-hoc-one-fil-pt/,"1,590,000 ",,,https://tinnha.vn/wp-content/uploads/2024/03/2d10042f50ecfcb2a5fd-1.jpg,simple
"Mũi Khoan Mài Cùi 1,8mm",Mũi khoan,https://tinnha.vn/shop/mui-khoan-kim-cuong/mui-khoan-mai-cui-18mm/,"390,000 ",,,https://tinnha.vn/wp-content/uploads/2024/03/197-018SHXC-1-1.jpg,simple
Any-etching,Sản phẩm khác,https://tinnha.vn/shop/san-pham-khac/any-etching/,"59,000 ",,,https://tinnha.vn/wp-content/uploads/2022/08/9163a1c84c4e8110d85f-1.jpg,simple
Mặt gương 2 mặt ( Ms: 1214),Dụng cụ TN,https://tinnha.vn/shop/dung-cu/mat-guong-2-mat-ms-1214-2/,"199,000 ",,,https://tinnha.vn/wp-content/uploads/2024/04/1214_Mat-guong-2-mat-1-1.png,simple
Khay Lấy Dấu (Adjustable Impression Tray),Vật liệu tiêu hao,https://tinnha.vn/shop/vat-lieu-tieu-hao/khay-lay-dau-adjustable-impression-tray/,,"239,000 ₫","191,200 ₫",https://tinnha.vn/wp-content/uploads/2023/06/Khay-lay-dau-xx-01.png,simple
Mặt Gương 1 Mặt ( Ms: 1202),Dụng cụ TN,https://tinnha.vn/shop/dung-cu/mat-guong-1-mat-ms-1202/,"159,000 ",,,https://tinnha.vn/wp-content/uploads/2024/04/TN1_Mat-guong-1-mat-1.png,simple
Bóc tách (Ms: 2613- 2612),Dụng cụ TN,https://tinnha.vn/shop/dung-cu/boc-tach-ms-2613-2612/,"139,000  – 149,000",,,https://tinnha.vn/wp-content/uploads/2024/04/2612-2613-1-1.png,configurable
Matrix Bands,Vật liệu tiêu hao,https://tinnha.vn/shop/vat-lieu-tieu-hao/matrix-bands/,,"525,000 ₫","420,000 ₫",https://tinnha.vn/wp-content/uploads/2023/06/Matrix-Bands-01-01.png,simple
Chén trộn (Ms: 8203),Dụng cụ TN,https://tinnha.vn/shop/dung-cu/chen-tron-ms-8203/,"89,000 ",,,https://tinnha.vn/wp-content/uploads/2024/04/TN3_Chen-tron-12-1-1.png,simple
Composite Đặc Dạng Nhộng (Reflectys),Vật liệu trám,https://tinnha.vn/shop/vat-lieu-tram/composite-dac-dang-nhong-reflectys/,"29,000 ",,,https://tinnha.vn/wp-content/uploads/2022/08/00588f0e6288afd6f699.jpg,simple
Trâm Máy T-Flex,Nội nha,https://tinnha.vn/shop/noi-nha/tram-may-t-flex/,"420,000 ",,,https://tinnha.vn/wp-content/uploads/2023/09/z4653161640817_b25640e24b1a9a2d06e2258785ab1257.jpg,simple
Banh Môi chữ T (Cheek Retractor),Vật liệu tiêu hao,https://tinnha.vn/shop/vat-lieu-tieu-hao/banh-moi-chu-t-cheek-retractor/,,"20,000 ₫","16,000 ₫",https://tinnha.vn/wp-content/uploads/2023/06/Banh-moi-chu-T-01.png,simple
Implant Posiitioning Kit,*Giải phóng hàng tồn,https://tinnha.vn/shop/sales/implant-posiitioning-kit/,,"14,160,000 ₫","8,496,000 ₫",https://tinnha.vn/wp-content/uploads/2024/06/Kit-hướng-dẫn-dịnh-vị.jpg,simple
Mũi Lindemann Drill 2.0,Dụng cụ Hàn Quốc,https://tinnha.vn/shop/dung-cu-han-quoc/mui-lindemann-drill-2-0/,"980,000 ",,,https://tinnha.vn/wp-content/uploads/2024/06/Mũi-Linder-man.jpg,simple
Trâm Tay ProTaper MTF,Nội nha,https://tinnha.vn/shop/noi-nha/tram-tay-protaper-mtf/,"290,000 ",,,https://tinnha.vn/wp-content/uploads/2023/07/tram-tay-protaper-mtf-01-1.png,simple
Gel Giảm Ê Sau Tẩy Trắng (Any-flu),Tẩy trắng,https://tinnha.vn/shop/tay-trang/gel-giam-e-sau-tay-trang-any-flu/,"95,000 ",,,https://tinnha.vn/wp-content/uploads/2022/08/c5ef044ae9cc24927ddd.jpg,simple
Giải Pháp Cắm Implant Tức Thì Vùng Răng Thẩm Mỹ (Incisor and Septum Trimmer Kit),Kit phẫu thuật,https://tinnha.vn/shop/kit-phau-thuat/giai-phap-cam-implant-tuc-thi-vung-rang-tham-my-incisor-and-septum-trimmer-kit/,"11,760,000 ",,,https://tinnha.vn/wp-content/uploads/2022/08/cf61eb2206a4cbfa92b5.jpg,simple
Kéo Cắt Phẫu Thuật (Ms 2106),Dụng cụ TN,https://tinnha.vn/shop/dung-cu/keo-cat-phau-thuat-ms-2106/,"249,000 ",,,https://tinnha.vn/wp-content/uploads/2024/04/TN1b_Keo-cat-phau-thuat-06-1.png,simple
Sealant Trám Bít Hố Rãnh (Prevent Seal),Vật liệu trám,https://tinnha.vn/shop/vat-lieu-tram/sealant-tram-bit-ho-ranh-prevent-seal/,"590,000 ",,,https://tinnha.vn/wp-content/uploads/2022/08/b32e378ada0c17524e1d.jpg,simple
"Mũi Trụ Thuôn Đầu Phẳng 1,5mm",Mũi khoan,https://tinnha.vn/shop/mui-khoan-kim-cuong/mui-tru-thuon-dau-phang-15mm/,"390,000 ",,,https://tinnha.vn/wp-content/uploads/2024/02/172-015SM-1-1-1.jpg,simple
Cán Gương (Ms: 1102-1104),Dụng cụ TN,https://tinnha.vn/shop/dung-cu/can-guong-ms-1102-1104/,"39,000  – 55,000",,,https://tinnha.vn/wp-content/uploads/2024/04/TN1_Can-guong-1-1.png,configurable
Trám Bít Ống Tủy (Sealmax-R),Vật liệu trám,https://tinnha.vn/shop/vat-lieu-tram/vat-lieu-tram-nha-khoa-sealmax-r/,"225,000 ",,,https://tinnha.vn/wp-content/uploads/2022/08/Sealmax-R.jpg,simple
"Mũi Khoan Kim Cương Edo 0,9mm",Mũi khoan,https://tinnha.vn/shop/mui-khoan-kim-cuong/mui-khoan-kim-cuong-edo-09mm/,"550,000 ",,,https://tinnha.vn/wp-content/uploads/2024/03/E165-014LC-1-1.jpg,simple
Trâm Điều Trị Lại RT File,Nội nha,https://tinnha.vn/shop/noi-nha/tram-dieu-tri-lai-rt-file/,"390,000 ",,,https://tinnha.vn/wp-content/uploads/2023/07/tram-dieu-tri-lai-RT-file-01-1-1-2.png,simple
"Mũi Khoan Mài Cùi 2,1mm",Mũi khoan,https://tinnha.vn/shop/mui-khoan-kim-cuong/mui-khoan-mai-cui-21mm/,"390,000  – 440,000",,,https://tinnha.vn/wp-content/uploads/2024/03/198-021C-1-1.jpg,configurable
Trâm Máy ProTaper MTF,Nội nha,https://tinnha.vn/shop/noi-nha/tram-noi-nha/tram-may-protaper-mtf/,"290,000 ",,,https://tinnha.vn/wp-content/uploads/2023/07/tram-may-protaper-mtf-01-1-1.png,simple
Mũi Khoan Đầu Tròn 1mm,Mũi khoan,https://tinnha.vn/shop/mui-khoan-kim-cuong/mui-khoan-neodiamond/,"390,000 ",,,https://tinnha.vn/wp-content/uploads/2024/02/001-010M-1-1-1.jpg,simple
Mặt Nạ Bảo Hộ (Face Shield),Vật liệu tiêu hao,https://tinnha.vn/shop/vat-lieu-tieu-hao/mat-na-bao-ho-face-shield/,,"18,000 ₫","14,400 ₫",https://tinnha.vn/wp-content/uploads/2023/06/Mat-na-bao-ho-01.png,simple
Cone Chính Có Vạch,*Giải phóng hàng tồn,https://tinnha.vn/shop/sales/cone-chinh-co-vach/,"32,500  – 40,000",,,https://tinnha.vn/wp-content/uploads/2024/06/cone-chính-có-vạch.jpg,configurable
Thun Clear Hollow Thread,*Giải phóng hàng tồn,https://tinnha.vn/shop/sales/thun-clear-hollow-thread-030/,,"220,000 ₫","123,200 ₫",https://tinnha.vn/wp-content/uploads/2024/06/thun-chỉnh-nha-grey.jpg,simple
Cone Giấy Có Vạch,*Giải phóng hàng tồn,https://tinnha.vn/shop/sales/cone-giay-co-vach/,,"59,000 ₫","34,200 ₫",https://tinnha.vn/wp-content/uploads/2024/06/cone-giấy-có-vạch.jpg,simple
Màng PTFE (Bio-Mem),Vật liệu cấy ghép,https://tinnha.vn/shop/vat-lieu-cay-ghep/mang-ptfe/,"1,660,000  – 4,060,000",,,https://tinnha.vn/wp-content/uploads/2023/06/mang-PTFE-01-1.jpg,configurable
Mắc Cài Agility,Chỉnh nha,https://tinnha.vn/shop/chinh-nha/mac-cai-agility/,"3,290,000 ",,,https://tinnha.vn/wp-content/uploads/2024/06/Artboard-1-copy-5.png,simple
Kẹp kim (Ms: 2D11),Dụng cụ TN,https://tinnha.vn/shop/dung-cu/kep-kim-ms-2d11/,"119,000 ",,,https://tinnha.vn/wp-content/uploads/2024/04/2D11_Kep-kim-04.png,simple
"Mũi Khoan Kim Cương Edo 1,5mm",Mũi khoan,https://tinnha.vn/shop/mui-khoan-kim-cuong/mui-khoan-kim-cuong-edo-15mm/,"550,000 ",,,https://tinnha.vn/wp-content/uploads/2024/03/E164-015C-1-1.jpg,simple
Banh môi (Ms: 2901),Dụng cụ TN,https://tinnha.vn/shop/dung-cu/banh-moi-ms-2901/,"219,000 ",,,https://tinnha.vn/wp-content/uploads/2024/04/TN6_Banh-moi-18-1-1-1.png,simple
"Mũi Khoan Đầu Tròn 1,6mm",Mũi khoan,https://tinnha.vn/shop/mui-khoan-kim-cuong/mui-khoan-dau-tron-16mm/,"390,000 ",,,https://tinnha.vn/wp-content/uploads/2024/02/001-016C-1-1-1.jpg,simple
Cây Cắt Xương (MS: 2419- 2420),Dụng cụ TN,https://tinnha.vn/shop/dung-cu/cay-cat-xuong-ms-2419-2420/,"859,000 ",,,https://tinnha.vn/wp-content/uploads/2024/04/TN1_Cay-cat-xuong-1-1.png,simple
Implant Prosthetic Driver Kit,*Giải phóng hàng tồn,https://tinnha.vn/shop/sales/implant-prosthetic-driver-kit/,,"8,100,000 ₫","4,860,000 ₫",https://tinnha.vn/wp-content/uploads/2024/06/Bộ-kit-vặn-phục-hình.jpg,simple
Cây ấn dây (Ms: 6B03-6B04),Dụng cụ TN,https://tinnha.vn/shop/dung-cu/cay-an-day-ms-6b03-6b04/,"79,000 ",,,https://tinnha.vn/wp-content/uploads/2024/04/TN-4a_Cay-an-day-1-1.png,simple
"Mũi Khoan Mài Cùi 2,5mm",Mũi khoan,https://tinnha.vn/shop/mui-khoan-kim-cuong/mui-tru-thuon-dau-phang-25mm/,"440,000  – 550,000",,,https://tinnha.vn/wp-content/uploads/2024/03/197-025C-1-1.jpg,configurable
Dụng cụ phục hồi (Ms: 4144),Dụng cụ phục hồi,https://tinnha.vn/shop/dung-cu/dung-cu-phuc-hoi/dung-cu-phuc-hoi-ms-4144/,"109,000 ",,,https://tinnha.vn/wp-content/uploads/2024/04/4144_dung-cu-phuc-hoi-1-1.png,simple
Kẹp phẫu tích có mấu (Ms: 2F03-2F13),Dụng cụ TN,https://tinnha.vn/shop/dung-cu/kep-phau-tich-co-mau-ms-2f03-2f13/,"79,000  – 419,000",,,https://tinnha.vn/wp-content/uploads/2024/04/2F03-2F13_Kep-phau-tich-co-mau-04.png,configurable
Khâu,"Khâu, ống",https://tinnha.vn/shop/chinh-nha/khau-ong/khau/,"150,000 ",,,https://tinnha.vn/wp-content/uploads/2024/04/khau.jpg,simple
Thiết Kế Cải Tiến Từ Mega ISQ (Mega ISQ IITM),Thiết bị,https://tinnha.vn/shop/thiet-bi/thiet-bi-khac/thiet-ke-cai-tien-tu-mega-isq-mega-isq-iitm/,"65,000,000 ",,,https://tinnha.vn/wp-content/uploads/2022/08/bf47b03b5dbd90e3c9ac.jpg,simple
Kéo Cắt Phẫu Thuật ( Ms: 2126),Dụng cụ TN,https://tinnha.vn/shop/dung-cu/keo-cat-phau-thuat-ms-2126/,"109,000 ",,,https://tinnha.vn/wp-content/uploads/2024/04/TN1b_Keo-cat-phau-thuat-07-1.png,simple
Kềm bẻ dây Young (Ms: 6714),Kềm bẻ dây Young,https://tinnha.vn/shop/dung-cu/kem-be-day-young/kem-be-day-young-ms-6714/,"379,000 ",,,https://tinnha.vn/wp-content/uploads/2024/04/6714_Kem-be-day-cung-young.png,simple
Bộ Nâng Xoang Kín TOCA KIT,*Giải phóng hàng tồn,https://tinnha.vn/shop/sales/bo-nang-xoang-kin-toca-kit/,,"20,500,000 ₫","12,300,000 ₫",https://tinnha.vn/wp-content/uploads/2024/06/bộ-nâng-xoang-kín-toca.jpg,simple
Thun chuỗi Dyna-LinkTM,Thun,https://tinnha.vn/shop/chinh-nha/thun/thun-chuoi-dyna-linktm/,"375,000 ",,,https://tinnha.vn/wp-content/uploads/2024/04/thun-chuoi.jpg,simple
Cán dao (Ms: 2202-2203),"Dao, cán dao",https://tinnha.vn/shop/dung-cu/dao-can-dao/can-dao-ms-2202-2203/,"39,000 ",,,https://tinnha.vn/wp-content/uploads/2024/04/2202-2203_Can-dao-10.png,simple
"Mũi Khoan Hình Quả Trứng 2,3mm",Mũi khoan,https://tinnha.vn/shop/mui-khoan-kim-cuong/mui-khoan-hinh-qua-trung-23mm/,"390,000  – 550,000",,,https://tinnha.vn/wp-content/uploads/2024/03/277-023M-1-1.jpg,configurable
Sò Đánh Bóng (Prophy Paste Medium Grit MIXED FLAVORS),Vật liệu tiêu hao,https://tinnha.vn/shop/vat-lieu-tieu-hao/so-danh-bong-prophy-paste/,,"190,000 ₫","152,000 ₫",https://tinnha.vn/wp-content/uploads/2023/06/So-danh-bong-01.png,simple
Kẹp kim (Ms: 2D15),Dụng cụ TN,https://tinnha.vn/shop/dung-cu/kep-kim-ms-2d15/,"119,000 ",,,https://tinnha.vn/wp-content/uploads/2024/04/2D15_Kep-kim-15.png,simple
Găng Tay Blossom – Thùng 10 hộp,Vật liệu tiêu hao,https://tinnha.vn/shop/vat-lieu-tieu-hao/gang-tay-blossom/,"790,000 ",,,https://tinnha.vn/wp-content/uploads/2023/09/gang-tay-blossom-01-1-1.jpg,simple
Kẹp phẫu tích (Ms: 2F20-2G01),Dụng cụ TN,https://tinnha.vn/shop/dung-cu/kep-phau-tich-ms-2f20-2g01/,"129,000  – 259,000",,,https://tinnha.vn/wp-content/uploads/2024/04/2F20-2G01_Kep-phau-tich.png,configurable
Bộ Trám Sứ Thẩm Mỹ,Vật liệu trám,https://tinnha.vn/shop/vat-lieu-tram/bo-tram-su-tham-my-2/,"2,430,000 ",,,https://tinnha.vn/wp-content/uploads/2022/08/842f3d95d0131d4d4402.jpg,simple
Khay lấy dấu (Ms: 7713),Khay lấy dấu,https://tinnha.vn/shop/dung-cu/khay-lay-dau/khay-lay-dau-ms-7713/,"89,000 ",,,https://tinnha.vn/wp-content/uploads/2024/04/TN3_Khay-lay-dau-1-1.png,simple
Dây cung thép S3TM,Dây cung,https://tinnha.vn/shop/chinh-nha/day-cung/day-cung-thep-s3tm-2/,"20,000 ",,,https://tinnha.vn/wp-content/uploads/2024/04/Day-cung-S3TM-2.jpg,simple
Chốt Thép Lẻ (I-post),Nội nha,https://tinnha.vn/shop/noi-nha/thiet-bi-noi-nha/chot-thep-le-i-post/,"250,000 ",,,https://tinnha.vn/wp-content/uploads/2022/08/chot-thep-le-ipost.jpg,simple
"Mũi Trụ Thuôn Đầu Phẳng 1,6mm",Mũi khoan,https://tinnha.vn/shop/mui-khoan-kim-cuong/mui-tru-thuon-dau-phang-16mm/,"390,000 ",,,https://tinnha.vn/wp-content/uploads/2024/02/172-016F-1-1.jpg,simple
Tay Khoan Implant 20:1 (Implant Contra Angle),Thiết bị,https://tinnha.vn/shop/thiet-bi/thiet-bi-khac/tay-khoan-implant-201/,"4,900,000 ",,,https://tinnha.vn/wp-content/uploads/2022/08/implant-20-1.jpg,simple
"Mũi Khoan Kim Cương Edo 1,1mm",Mũi khoan,https://tinnha.vn/shop/mui-khoan-kim-cuong/mui-khoan-kim-cuong-edo-11mm/,"550,000 ",,,https://tinnha.vn/wp-content/uploads/2024/03/E164-011C-1-1.jpg,simple
Ly Đánh Thuốc (Glass Dappen Dishes),Vật liệu tiêu hao,https://tinnha.vn/shop/vat-lieu-tieu-hao/ly-danh-thuoc-glass-dappen-dishes/,,"18,000 ₫","14,400 ₫",https://tinnha.vn/wp-content/uploads/2023/06/Ly-danh-thuoc-01.png,simple
Đèn led 10W,Đèn trám,https://tinnha.vn/shop/thiet-bi/den-tram/den-led-10w/,"7,900,000 ",,,https://tinnha.vn/wp-content/uploads/2022/08/2daccef12377ee29b766.jpg,simple
Bone Syringe (Ống Chích Xương)),*Giải phóng hàng tồn,https://tinnha.vn/shop/sales/bone-syringe-ong-chich-xuong/,,"790,000 ₫","474,000 ₫",https://tinnha.vn/wp-content/uploads/2024/06/Ống-chích-xương.jpg,simple
Kim phun sương (Ms: 5510),Kim phun sương,https://tinnha.vn/shop/dung-cu/kim-phun-suong/kim-phun-suong-ms-5510/,"350,000 ",,,https://tinnha.vn/wp-content/uploads/2024/04/5510_Kim-phun-suong-1-1.png,simple
Kềm ba chấu (Ms: 6715),Dụng cụ TN,https://tinnha.vn/shop/dung-cu/kem-ba-chau-ms-6715/,"369,000 ",,,https://tinnha.vn/wp-content/uploads/2024/04/6715_Kem-be-moc-3-chau.png,simple
Anybond – Keo Dán Thế Hệ Thứ 5,*Giải phóng hàng tồn,https://tinnha.vn/shop/sales/anybond-keo-dan-the-he-thu-5/,,"330,000 ₫","182,000 ₫",https://tinnha.vn/wp-content/uploads/2024/06/any-bond.jpg,simple
Dụng cụ nghiền xương (Ms: 5501-5502),Dụng cụ nghiền xương,https://tinnha.vn/shop/dung-cu/dung-cu-nghien-xuong/dung-cu-nghien-xuong-ms-5501-5502/,"390,000 ",,,https://tinnha.vn/wp-content/uploads/2024/04/TN-4a_Dung-cu-nghien-xuong-07-1.png,simple
Dây cung Nickel Titanium kích hoạt nhiệt M5TM,Dây cung,https://tinnha.vn/shop/chinh-nha/day-cung/day-cung-nickel-titanium-kich-hoat-nhiet-m5tm/,"105,000 ",,,https://tinnha.vn/wp-content/uploads/2024/04/Day-cung-M5TM.jpg,simple
Bộ Nâng Xoang Hở Đơn Giản (Simple Sinus Lateral Reamer Kit),Kit phẫu thuật,https://tinnha.vn/shop/kit-phau-thuat/bo-nang-xoang-ho-don-gian-simple-sinus-lateral-reamer-kit/,"11,760,000 ",,,https://tinnha.vn/wp-content/uploads/2022/08/5d26136afeec33b26afd-1.jpg,simple
Màng Titan – Dụng Cụ Giữ Màng (SD-Mesh tac),Vật liệu cấy ghép,https://tinnha.vn/shop/vat-lieu-cay-ghep/mang-titan-va-dung-cu-giu-mang-sd-mesh-tac/,"16,780,000 ",,,https://tinnha.vn/wp-content/uploads/2022/08/1940fb3d16bbdbe582aa.jpg,simple
Thun thanh/ Thun đơn,Thun,https://tinnha.vn/shop/chinh-nha/thun/thun-thanh-thun-don/,,,,https://tinnha.vn/wp-content/uploads/2024/04/thun-thanh-thun-don.jpg,
"Mũi Khoan Đầu Nón Ngược 1,4mm",Mũi khoan,https://tinnha.vn/shop/mui-khoan-kim-cuong/mui-khoan-dau-non-nguoc-14mm/,"320,000 ",,,https://tinnha.vn/wp-content/uploads/2024/02/010-014M-1-1-1.jpg,simple
Che Nướu (Dentto Dam),Tẩy trắng,https://tinnha.vn/shop/tay-trang/che-nuou-dentto-dam/,"99,000 ",,,https://tinnha.vn/wp-content/uploads/2022/08/8e033bbad63c1b62422d.jpg,simple
Cây nạo xương (Ms: 3501-3508),Cây nạo xương,https://tinnha.vn/shop/dung-cu/cay-nao-xuong/cay-nao-xuong-ms-3501-3502/,"79,000  – 109,000",,,https://tinnha.vn/wp-content/uploads/2024/04/TN1c_Cay-nao-xuong-01-1-1.png,configurable
Chén trộn (Ms: 8205),Dụng cụ TN,https://tinnha.vn/shop/dung-cu/chen-tron-ms-8205/,"79,000 ",,,https://tinnha.vn/wp-content/uploads/2024/04/TN3_Chen-tron-05-1-1.png,simple
Xi Măng Đa Năng Totalcem,Vật liệu gắn,https://tinnha.vn/shop/vat-lieu-gan/xi-mang-da-nang-totalcem/,"2,950,000 ",,,https://tinnha.vn/wp-content/uploads/2024/07/totalcem.jpg,simple
Banh môi (Ms: 2918),Dụng cụ TN,https://tinnha.vn/shop/dung-cu/banh-moi-ms-2918/,"190,000 ",,,https://tinnha.vn/wp-content/uploads/2024/04/TN6_Banh-moi-25-1-1.png,simple
Xương Tổng Hợp Qbone Plug,Vật liệu cấy ghép,https://tinnha.vn/shop/vat-lieu-cay-ghep/xuong-tong-hop-qbone-plug/,"1,090,000  – 1,290,000",,,https://tinnha.vn/wp-content/uploads/2024/07/QBONPLUS_Hình-có-giá-1.jpg,configurable
Mũi Mài Chỉnh Composite 1mm,Mũi khoan,https://tinnha.vn/shop/mui-khoan-kim-cuong/mui-mai-chinh-composite-1mm/,"390,000 ",,,https://tinnha.vn/wp-content/uploads/2024/02/166-010F-1-1-1.jpg,simple
Bộ Kit Trám Layer Technique,Vật liệu trám,https://tinnha.vn/shop/vat-lieu-tram/bo-kit-tram-layer-technique/,"6,250,000 ",,,https://tinnha.vn/wp-content/uploads/2023/07/bo-kit-tram-layer-technique-2-01-1.jpg,simple
Tẩy Trắng W-Gel,*Giải phóng hàng tồn,https://tinnha.vn/shop/sales/tay-trang-w-gel/,,"2,250,000 ₫","1,225,000 ₫",https://tinnha.vn/wp-content/uploads/2024/06/tẩy-trắng-wgel.jpg,simple
Kẹp giữ kim (Ms: 2D29),Dụng cụ TN,https://tinnha.vn/shop/dung-cu/kep-giu-kim-ms-2d29/,"429,000 ",,,https://tinnha.vn/wp-content/uploads/2024/04/2D29_Kep-giu-kim.png,simple
Ống hút phẫu thuật (Ms: 2C08),Ống hút phẫu thuật,https://tinnha.vn/shop/dung-cu/ong-hut-phau-thuat/ong-hut-phau-thuat-ms-2c08/,"279,000 ",,,https://tinnha.vn/wp-content/uploads/2024/04/2C08_Ong-hut-phau-thuat-03-1-1.png,simple
Bóc tách (Ms: 2603-2604),Dụng cụ TN,https://tinnha.vn/shop/dung-cu/boc-tach-ms-2603-2604/,"109,000 ",,,https://tinnha.vn/wp-content/uploads/2024/04/2603-2604-1-1.png,simple
Cán dao (Ms: 2208- 2209),"Dao, cán dao",https://tinnha.vn/shop/dung-cu/dao-can-dao/can-dao-ms-2208-2209/,"149,000  – 590,000",,,https://tinnha.vn/wp-content/uploads/2024/04/2208-2209_Can-dao-13.png,configurable
Cối Nghiền Xương Bone Mill,*Giải phóng hàng tồn,https://tinnha.vn/shop/sales/coi-nghien-xuong-bone-mill/,,"11,760,000 ₫","7,056,000 ₫",https://tinnha.vn/wp-content/uploads/2024/06/Cối-nghiền-xương.jpg,simple
Bộ Kit Nâng Xoang Kín (Sinus Srestal Approach Kit),Kit phẫu thuật,https://tinnha.vn/shop/kit-phau-thuat/bo-kit-nang-xoang-kin-sinus-srestal-approach-kit/,"27,600,000 ",,,https://tinnha.vn/wp-content/uploads/2022/08/ca14ff5d12dbdf8586ca.jpg,simple
Búc đục xương (Ms: 5517),Dụng cụ TN,https://tinnha.vn/shop/dung-cu/buc-duc-xuong-ms-5517/,"839,000 ",,,https://tinnha.vn/wp-content/uploads/2024/04/TN-4a_Bua-duc-xuong-1-1.png,simple
Kẹp kim (Ms: 2D07-2D08),Dụng cụ TN,https://tinnha.vn/shop/dung-cu/kep-kim-ms-2d07-2d08/,"419,000  – 449,000",,,https://tinnha.vn/wp-content/uploads/2024/04/2D07-2D08Kep-kim-04.png,configurable
"Mũi Khoan Hình Tên Lửa 1,2mm",Mũi khoan,https://tinnha.vn/shop/mui-khoan-kim-cuong/mui-khoan-hinh-ten-lua-12mm/,"320,000  – 350,000",,,https://tinnha.vn/wp-content/uploads/2024/03/288-012M-1-1.jpg,configurable
Ống Hút (Saliva Ejector),Vật liệu tiêu hao,https://tinnha.vn/shop/vat-lieu-tieu-hao/ong-hut-nuoc-bot-saliva-ejector/,"46,000 ",,,https://tinnha.vn/wp-content/uploads/2023/06/Ong-hut-nuoc-bot-mau-xanh-01.png,simple
Mặt gương 1 mặt ( Ms: 1202),Cán gương,https://tinnha.vn/shop/dung-cu/can-guong/mat-guong-1-mat-ms-1202-2/,"159,000 ",,,https://tinnha.vn/wp-content/uploads/2024/04/1202_Mat-guong-1-mat-1-1.png,simple
"Mũi Khoan Cắt Composite 1,1mm",Mũi khoan,https://tinnha.vn/shop/mui-khoan-kim-cuong/mui-khoan-cat-composite-11mm/,"320,000 ",,,https://tinnha.vn/wp-content/uploads/2024/02/108-011C-1-1-1.jpg,simple
Bóc tách (Ms: 2609- 2620),Dụng cụ TN,https://tinnha.vn/shop/dung-cu/boc-tach-ms-2609-2620/,"109,000  – 179,000",,,https://tinnha.vn/wp-content/uploads/2024/04/2609-2620-1-1.png,configurable
Đầu Khủy Tay Chậm (Contra Angle),Thiết bị,https://tinnha.vn/shop/thiet-bi/thiet-bi-khac/dau-khuy-tay-cham-contra-angle/,"850,000 ",,,https://tinnha.vn/wp-content/uploads/2022/08/dau-khuy-tay-cham.jpg,simple
